{
    "anime_id": 11,
    "anime_name": "Bleach",
    "total_episodes": 366,
    "genres": "Action",
    "episodes": [
        {
            "episode_number": 1,
            "title": "The Day I Became a Shinigami",
            "type": "cannon"
        },
        {
            "episode_number": 2,
            "title": "The Shinigami's Work",
            "type": "cannon"
        },
        {
            "episode_number": 3,
            "title": "The Older Brother's Wish, the Younger Sister's Wish",
            "type": "cannon"
        },
        {
            "episode_number": 4,
            "title": "Cursed Parakeet",
            "type": "cannon"
        },
        {
            "episode_number": 5,
            "title": "Beat the Invisible Enemy!",
            "type": "cannon"
        },
        {
            "episode_number": 6,
            "title": "Fight to the Death! Ichigo vs. Ichigo",
            "type": "cannon"
        },
        {
            "episode_number": 7,
            "title": "Greetings from a Stuffed Lion",
            "type": "cannon"
        },
        {
            "episode_number": 8,
            "title": "June 17, Memories in the Rain",
            "type": "Mixed cannon/Filler"
        },
        {
            "episode_number": 9,
            "title": "Unbeatable Enemy",
            "type": "cannon"
        },
        {
            "episode_number": 10,
            "title": "Assault on Trip at Sacred Ground!",
            "type": "cannon"
        },
        {
            "episode_number": 11,
            "title": "The Legendary Quincy",
            "type": "cannon"
        },
        {
            "episode_number": 12,
            "title": "A Gentle Right Arm",
            "type": "cannon"
        },
        {
            "episode_number": 13,
            "title": "Flower and Hollow",
            "type": "cannon"
        },
        {
            "episode_number": 14,
            "title": "Back to Back, a Fight to the Death!",
            "type": "cannon"
        },
        {
            "episode_number": 15,
            "title": "Kon's Great Plan",
            "type": "cannon"
        },
        {
            "episode_number": 16,
            "title": "Encounter, Renji Abarai!",
            "type": "cannon"
        },
        {
            "episode_number": 17,
            "title": "Ichigo Dies!",
            "type": "cannon"
        },
        {
            "episode_number": 18,
            "title": "Reclaim! The Power of the Shinigami!",
            "type": "cannon"
        },
        {
            "episode_number": 19,
            "title": "Ichigo Becomes a Hollow!",
            "type": "cannon"
        },
        {
            "episode_number": 20,
            "title": "Gin Ichimaru's Shadow",
            "type": "cannon"
        },
        {
            "episode_number": 21,
            "title": "Enter! The World of the Shinigami",
            "type": "cannon"
        },
        {
            "episode_number": 22,
            "title": "The Man Who Hates Shinigami",
            "type": "cannon"
        },
        {
            "episode_number": 23,
            "title": "14 Days Before Rukia's Execution",
            "type": "cannon"
        },
        {
            "episode_number": 24,
            "title": "SAssemble! The 13 Divisions",
            "type": "cannon"
        },
        {
            "episode_number": 25,
            "title": "Penetrate the Center with an Enormous Bombshell?",
            "type": "cannon"
        },
        {
            "episode_number": 26,
            "title": "Formation! The Worst Tag",
            "type": "cannon"
        },
        {
            "episode_number": 27,
            "title": "Release the Death Blow!",
            "type": "Mixed cannon/Filler"
        },
        {
            "episode_number": 28,
            "title": "Orihime Targeted",
            "type": "cannon"
        },
        {
            "episode_number": 29,
            "title": "Breakthrough! The Shinigami's Encompassing Net",
            "type": "cannon"
        },
        {
            "episode_number": 30,
            "title": "Renji's Confrontation",
            "type": "cannon"
        },
        {
            "episode_number": 31,
            "title": "The Resolution to Kill",
            "type": "cannon"
        },
        {
            "episode_number": 32,
            "title": "Stars and the Stray",
            "type": "Mixed cannon/Filler"
        },
        {
            "episode_number": 33,
            "title": "Miracle! The Mysterious New Hero",
            "type": "filler"
        },
        {
            "episode_number": 34,
            "title": "Tragedy of Dawn",
            "type": "cannon"
        },
        {
            "episode_number": 35,
            "title": "Aizen Assassinated! The Darkness Which Approaches",
            "type": "cannon"
        },
        {
            "episode_number": 36,
            "title": "Kenpachi Zaraki Approaches!",
            "type": "cannon"
        },
        {
            "episode_number": 37,
            "title": "Motive of the Fist",
            "type": "cannon"
        },
        {
            "episode_number": 38,
            "title": "Desperation! The Broken Zangetsu",
            "type": "cannon"
        },
        {
            "episode_number": 39,
            "title": "The Immortal Man",
            "type": "cannon"
        },
        {
            "episode_number": 40,
            "title": "The Shinigami whom Ganju Met",
            "type": "cannon"
        },
        {
            "episode_number": 41,
            "title": "Reunion, Ichigo and Rukia",
            "type": "cannon"
        },
        {
            "episode_number": 42,
            "title": "Yoruichi, Goddess of Flash, Dances",
            "type": "cannon"
        },
        {
            "episode_number": 43,
            "title": "The Despicable Shinigami",
            "type": "cannon"
        },
        {
            "episode_number": 44,
            "title": "Ishida Ultimate Power!",
            "type": "cannon"
        },
        {
            "episode_number": 45,
            "title": "Overcome Your Limits!",
            "type": "cannon"
        },
        {
            "episode_number": 46,
            "title": "Authentic Records! School of Shinigami",
            "type": "Mixed canon/Filler"
        },
        {
            "episode_number": 47,
            "title": "The Avengers",
            "type": "cannon"
        },
        {
            "episode_number": 48,
            "title": "Hitsugaya Roars!",
            "type": "cannon"
        },
        {
            "episode_number": 49,
            "title": "Rukia's Nightmare",
            "type": "cannon"
        },
        {
            "episode_number": 50,
            "title": "The Reviving Lion",
            "type": "filler"
        },
        {
            "episode_number": 51,
            "title": "Morning of the Sentence",
            "type": "canon"
        },
        {
            "episode_number": 52,
            "title": "Renji, Oath of the Soul! Death Match with Byakuya",
            "type": "cannon"
        },
        {
            "episode_number": 53,
            "title": "Gin Ichimaru's Temptation, Resolution Shattered",
            "type": "cannon"
        },
        {
            "episode_number": 54,
            "title": "An Accomplished Oath! Get Back Rukia!",
            "type": "cannon"
        },
        {
            "episode_number": 55,
            "title": "The Strongest Shinigami! Ultimate Confrontation Between Teacher and Students",
            "type": "cannon"
        },
        {
            "episode_number": 56,
            "title": "Supersonic Battle! Determine the Goddess of Battle",
            "type": "cannon"
        },
        {
            "episode_number": 57,
            "title": "Senbonzakura, Crushed! Zangetsu Thrusts Through the Sky",
            "type": "cannon"
        },
        {
            "episode_number": 58,
            "title": "Unseal! The Black Blade, the Miraculous Power",
            "type": "cannon"
        },
        {
            "episode_number": 59,
            "title": "Conclusion of the Death Match! White Pride and Black Desire",
            "type": "cannon"
        },
        {
            "episode_number": 60,
            "title": "Reality of the Despair, the Assassin's Dagger is Swung",
            "type": "cannon"
        },
        {
            "episode_number": 61,
            "title": "Aizen Stands! Horrible Ambitions",
            "type": "cannon"
        },
        {
            "episode_number": 62,
            "title": "Gather Together! Group of the Strongest Shinigami",
            "type": "cannon"
        },
        {
            "episode_number": 63,
            "title": "Rukia's Resolution, Ichigo's Feelings",
            "type": "cannon"
        },
        {
            "episode_number": 64,
            "title": "New School Term, Renji Has Come to the Material World?!",
            "type": "filler"
        },
        {
            "episode_number": 65,
            "title": "Creeping Terror, the Second Victim",
            "type": "filler"
        },
        {
            "episode_number": 66,
            "title": "Breakthrough! The Trap Hidden in the Labyrinth",
            "type": "filler"
        },
        {
            "episode_number": 67,
            "title": "Death Game! The Missing Classmate",
            "type": "filler"
        },
        {
            "episode_number": 68,
            "title": "True Identity of the Devil, the Secret which Is Revealed",
            "type": "filler"
        },
        {
            "episode_number": 69,
            "title": "Bounts! The Soul Hunters!",
            "type": "filler"
        },
        {
            "episode_number": 70,
            "title": "Rukia's Return! Revival of the Substitute Team!",
            "type": "filler"
        },
        {
            "episode_number": 71,
            "title": "The Moment of Collision! An Evil Hand Draws Near to the Quincy",
            "type": "filler"
        },
        {
            "episode_number": 72,
            "title": "Water Attack! Escape from the Shutdown Hospital",
            "type": "filler"
        },
        {
            "episode_number": 73,
            "title": "Gathering Bounts! The Man Who Makes His Move",
            "type": "filler"
        },
        {
            "episode_number": 74,
            "title": "Memories of an Eternally Living Clan",
            "type": "filler"
        },
        {
            "episode_number": 75,
            "title": "Earth-Shattering Event at 11th Squad! The Shinigami Who Rises Again",
            "type": "filler"
        },
        {
            "episode_number": 76,
            "title": "Crashing Force! Fried vs. Zangetsu",
            "type": "filler"
        },
        {
            "episode_number": 77,
            "title": "Unfading Grudge! The Shinigami whom Kenpachi Killed",
            "type": "filler"
        },
        {
            "episode_number": 78,
            "title": "Shocking Revelations for the 13 Divisions!! The Truth Buried in History",
            "type": "filler"
        },
        {
            "episode_number": 79,
            "title": "Yoshino's Decision of Death",
            "type": "filler"
        },
        {
            "episode_number": 80,
            "title": "Assault from a Formidable Enemy! A Tiny Final Line of Defense?!",
            "type": "filler"
        },
        {
            "episode_number": 81,
            "title": "Hitsugaya Moves! The Attacked City",
            "type": "filler"
        },
        {
            "episode_number": 82,
            "title": "Ichigo vs. Dalk! Appearance of the Faded Darkness",
            "type": "filler"
        },
        {
            "episode_number": 83,
            "title": "Grey Shadow, the Secret of the Dolls",
            "type": "filler"
        },
        {
            "episode_number": 84,
            "title": "Dissension in the Substitute Team? Rukia's Betrayal",
            "type": "filler"
        },
        {
            "episode_number": 85,
            "title": "Deadly Battle of Tears! Rukia vs. Orihime",
            "type": "filler"
        },
        {
            "episode_number": 86,
            "title": "Rangiku Dances! Slice the Invisible Enemy!",
            "type": "filler"
        },
        {
            "episode_number": 87,
            "title": "Byakuya Is Summoned! The Gotei 13 Start to Move",
            "type": "filler"
        },
        {
            "episode_number": 88,
            "title": "Annihilation of the Lieutenants!? Trap in the Underground Cave",
            "type": "filler"
        },
        {
            "episode_number": 89,
            "title": "Rematch?! Ishida vs. Nemu",
            "type": "filler"
        },
        {
            "episode_number": 90,
            "title": "Renji Abarai, Bankai of the Soul!",
            "type": "filler"
        },
        {
            "episode_number": 91,
            "title": "Shinigami and Quincy, the Reviving Power",
            "type": "filler"
        },
        {
            "episode_number": 92,
            "title": "Invasion of the Shinigami World, Again",
            "type": "filler"
        },
        {
            "episode_number": 93,
            "title": "The Bount Assault! The Gotei 13 of Destructive Earthquake",
            "type": "filler"
        },
        {
            "episode_number": 94,
            "title": "Hitsugaya's Decision! The Clash Approaches",
            "type": "filler"
        },
        {
            "episode_number": 95,
            "title": "Byakuya Takes the Field! Dance of the Wind-Splitting Cherry Blossoms",
            "type": "filler"
        },
        {
            "episode_number": 96,
            "title": "Ichigo, Byakuya, Kariya, The Battle of the Three Extremes!",
            "type": "filler"
        },
        {
            "episode_number": 97,
            "title": "Hitsugaya Strikes! Slice the Enemy in the Middle of the Forest",
            "type": "filler"
        },
        {
            "episode_number": 98,
            "title": "Clash! Kenpachi Zaraki vs. Maki Ichinose",
            "type": "filler"
        },
        {
            "episode_number": 99,
            "title": "Shinigami vs. Shinigami! The Uncontrollable Power",
            "type": "filler"
        },
        {
            "episode_number": 100,
            "title": "Suì-Fēng Dies? The Last of the Special Forces",
            "type": "filler"
        },
        {
            "episode_number": 101,
            "title": "Mayuri's Bankai!! Sawatari: Clash of the Demon",
            "type": "filler"
        },
        {
            "episode_number": 102,
            "title": "The Last Quincy! The Exploding Power",
            "type": "filler"
        },
        {
            "episode_number": 103,
            "title": "Ishida, Exceeding the Limits to Attack!",
            "type": "filler"
        },
        {
            "episode_number": 104,
            "title": "10th Division's Death Struggle! The Release of Hyōrinmaru",
            "type": "filler"
        },
        {
            "episode_number": 105,
            "title": "Kariya! Countdown to the Detonation",
            "type": "filler"
        },
        {
            "episode_number": 106,
            "title": "Life and Revenge! Ishida, the Ultimate Choice",
            "type": "filler"
        },
        {
            "episode_number": 107,
            "title": "The Swung-Down Edge! The Moment of Ruin",
            "type": "filler"
        },
        {
            "episode_number": 108,
            "title": "The Wailing Bount! The Last Clash",
            "type": "filler"
        },
        {
            "episode_number": 109,
            "title": "Ichigo and Rukia, Thoughts in the Revolving Around Heaven",
            "type": "Mixed canon/Filler"
        },
        {
            "episode_number": 110,
            "title": "Reopening of the Substitute Business! The Terrifying Transfer Student",
            "type": "cannon"
        },
        {
            "episode_number": 111,
            "title": "Shock! The Father's True Identity",
            "type": "Mixed canon/Filler"
        },
        {
            "episode_number": 112,
            "title": "The Commencement of War, Visoreds and the Arrancars",
            "type": "cannon"
        },
        {
            "episode_number": 113,
            "title": "Prelude to the Apocalypse, The Arrancar's Offensive",
            "type": "cannon"
        },
        {
            "episode_number": 114,
            "title": "Reunion, Ichigo and Rukia and Soul Reapers",
            "type": "cannon"
        },
        {
            "episode_number": 115,
            "title": "Mission! The Soul Reapers Have Come",
            "type": "cannon"
        },
        {
            "episode_number": 116,
            "title": "The Evil Eye, Aizen Returns",
            "type": "Mixed cannon/Filler"
        },
        {
            "episode_number": 117,
            "title": "Rukia's Battle Commences! The Freezing White Blade",
            "type": "cannon"
        },
        {
            "episode_number": 118,
            "title": "Ikkaku's Bankai! The Power That Breaks Everything",
            "type": "cannon"
        },
        {
            "episode_number": 119,
            "title": "Zaraki Division's Secret Story! The Lucky Men",
            "type": "Mixed cannon/Filler"
        },
        {
            "episode_number": 120,
            "title": "Hitsugaya Scatters! The Broken Hyōrinmaru",
            "type": "Mixed cannon/Filler"
        },
        {
            "episode_number": 121,
            "title": "Clash! The Protector vs. The Bearer",
            "type": "cannon"
        },
        {
            "episode_number": 122,
            "title": "Visored! The Power of the Awakened",
            "type": "cannon"
        },
        {
            "episode_number": 123,
            "title": "Ichigo, Complete Hollowification!?",
            "type": "cannon"
        },
        {
            "episode_number": 124,
            "title": "Collision! Black Bankai and the White Bankai",
            "type": "Mixed cannon/Filler"
        },
        {
            "episode_number": 125,
            "title": "Urgent Report! Aizen's Terrifying Plan!",
            "type": "cannon"
        },
        {
            "episode_number": 126,
            "title": "Uryū vs. Ryūken! Clash of the Parent-Child Quincys",
            "type": "cannon"
        },
        {
            "episode_number": 127,
            "title": "Urahara's Decision, Orihime's Thoughts",
            "type": "cannon"
        },
        {
            "episode_number": 128,
            "title": "The Nightmare Arrancar! Team Hitsugaya moves out",
            "type": "filler"
        },
        {
            "episode_number": 129,
            "title": "The Swooping Descent of the Dark Emissary! The Propagation of Malice",
            "type": "filler"
        },
        {
            "episode_number": 130,
            "title": "The Invisible Enemy! Hitsugaya's Merciless Decision",
            "type": "filler"
        },
        {
            "episode_number": 131,
            "title": "Rangiku's Tears, the Sorrowful Parting of Brother and Sister",
            "type": "filler"
        },
        {
            "episode_number": 132,
            "title": "Hitsugaya, Karin, and Soccer Ball",
            "type": "filler"
        },
        {
            "episode_number": 133,
            "title": "Ikkaku: The Hot-Blooded Kendo Tale",
            "type": "filler"
        },
        {
            "episode_number": 134,
            "title": "The Beautiful Patissier, Yumichika!",
            "type": "filler"
        },
        {
            "episode_number": 135,
            "title": "Kon is Deceived! Rangiku on the Lookout...",
            "type": "filler"
        },
        {
            "episode_number": 136,
            "title": "Civil War in Hueco Mundo! Ulquiorra's Death",
            "type": "filler"
        },
        {
            "episode_number": 137,
            "title": "The Malicious Battle, Aizen's Trap",
            "type": "filler"
        },
        {
            "episode_number": 138,
            "title": "Hueco Mundo moves again! Hitsugaya vs Yammy",
            "type": "cannon"
        },
        {
            "episode_number": 139,
            "title": "Ichigo vs Grimmjow, the 11-second battle!",
            "type": "cannon"
        },
        {
            "episode_number": 140,
            "title": "Ulquiorra's Scheme, the Moment when the Sun Sets!",
            "type": "cannon"
        },
        {
            "episode_number": 141,
            "title": "Goodbye..., Kurosaki!",
            "type": "Mixed canon/Filler"
        },
        {
            "episode_number": 142,
            "title": "Strict Order! The Forbidden Rescue of Orihime Inoue",
            "type": "cannon"
        },
        {
            "episode_number": 143,
            "title": "Grimmjow Revived",
            "type": "Mixed canon/Filler"
        },
        {
            "episode_number": 144,
            "title": "Ishida and Chad, The Quickening of a New Power",
            "type": "cannon"
        },
        {
            "episode_number": 145,
            "title": "The Espada Gather! Aizen's Royal Assembly",
            "type": "cannon"
        },
        {
            "episode_number": 146,
            "title": "The Name's Nel! The Appearance of a Strange Arrancar",
            "type": "Mixed cannon/Filler"
        },
        {
            "episode_number": 147,
            "title": "Forest of Menos! Search for the Missing Rukia",
            "type": "filler"
        },
        {
            "episode_number": 148,
            "title": "Ashido, The Soul Reaper Who Came from the Past",
            "type": "filler"
        },
        {
            "episode_number": 149,
            "title": "Through the Crumbling Forest, a Million Menos",
            "type": "filler"
        },
        {
            "episode_number": 150,
            "title": "Oath! Back Here Alive Again",
            "type": "cannon"
        },
        {
            "episode_number": 151,
            "title": "The Raging Storm! Encounter with the Dancing Arrancar",
            "type": "cannon"
        },
        {
            "episode_number": 152,
            "title": "Ichigo Strikes Back! This Is My Bankai",
            "type": "cannon"
        },
        {
            "episode_number": 153,
            "title": "The Devilish Research! Szayel Aporro's Plan",
            "type": "cannon"
        },
        {
            "episode_number": 154,
            "title": "Rukia and Kaien, the Sorrowful Reunion",
            "type": "cannon"
        },
        {
            "episode_number": 155,
            "title": "Rukia Retaliates! Release the Desperate Kidō",
            "type": "cannon"
        },
        {
            "episode_number": 156,
            "title": "Ishida & Pesche, the United Attack of Friendship",
            "type": "Mixed cannon/Filler"
        },
        {
            "episode_number": 157,
            "title": "Ishida's Trump Card, Seele Schneider",
            "type": "cannon"
        },
        {
            "episode_number": 158,
            "title": "Right Arm of the Giant, Left Arm of the Devil",
            "type": "cannon"
        },
        {
            "episode_number": 159,
            "title": "Yasutora Sado Dies! Orihime's Tears",
            "type": "cannon"
        },
        {
            "episode_number": 160,
            "title": "Testament, Your Heart is Right Here...",
            "type": "Mixed cannon/Filler"
        },
        {
            "episode_number": 161,
            "title": "The Cruel Arrancar, Ulquiorra's Provocation",
            "type": "Mixed cannon/Filler"
        },
        {
            "episode_number": 162,
            "title": "Szayel Aporro Laughs, The Net Trapping Renji is Complete",
            "type": "cannon"
        },
        {
            "episode_number": 163,
            "title": "Shinigami and Quincy, The Battle with Madness",
            "type": "cannon"
        },
        {
            "episode_number": 164,
            "title": "Ishida's Strategy, 20-Second Offense and Defense",
            "type": "cannon"
        },
        {
            "episode_number": 165,
            "title": "The Murderous Intent Boils! The Joyful Grimmjow",
            "type": "cannon"
        },
        {
            "episode_number": 166,
            "title": "Desperate Effort vs. Desperate Effort! Hollowfied Ichigo",
            "type": "cannon"
        },
        {
            "episode_number": 167,
            "title": "The Moment of Conclusion, The End of Grimmjow",
            "type": "cannon"
        },
        {
            "episode_number": 168,
            "title": "The New Captain Appears! His Name Is Shūsuke Amagai",
            "type": "filler"
        },
        {
            "episode_number": 169,
            "title": "New Development, the Dangerous Transfer Student Appears!",
            "type": "filler"
        },
        {
            "episode_number": 170,
            "title": "Desperate Struggle Under the Moonlit Night, the Mysterious Assassin and Zanpakutō",
            "type": "filler"
        },
        {
            "episode_number": 171,
            "title": "Kenryū, the Profusion of Blooming Crimson Flowers",
            "type": "filler"
        },
        {
            "episode_number": 172,
            "title": "Kifune Goes to War! The Violent Wind that Rages",
            "type": "filler"
        },
        {
            "episode_number": 173,
            "title": "The Appearance of the Great Evil! The Darkness in the House of Kasumiōji",
            "type": "filler"
        },
        {
            "episode_number": 174,
            "title": "Break the Mirror's Boundary! Ichigo's Captivity",
            "type": "filler"
        },
        {
            "episode_number": 175,
            "title": "The Revenging Assassin, Ichigo is Targeted",
            "type": "filler"
        },
        {
            "episode_number": 176,
            "title": "Mystery! The Sword-Consuming Assassin",
            "type": "filler"
        },
        {
            "episode_number": 177,
            "title": "The Reversal of Rukia! The Rampaging Blade",
            "type": "filler"
        },
        {
            "episode_number": 178,
            "title": "The Nightmare Which is Shown, Ichigo's Inside the Mirror",
            "type": "filler"
        },
        {
            "episode_number": 179,
            "title": "Confrontation!? Amagai vs. Gotei 13",
            "type": "filler"
        },
        {
            "episode_number": 180,
            "title": "The Princess's Decision, the Sorrowful Bride",
            "type": "filler"
        },
        {
            "episode_number": 181,
            "title": "The 2nd Division Sorties! Ichigo is Surrounded",
            "type": "filler"
        },
        {
            "episode_number": 182,
            "title": "Amagai's True Strength, the Released Zanpakuto",
            "type": "filler"
        },
        {
            "episode_number": 183,
            "title": "The Darkness Which Moves! Kifune's True Colors",
            "type": "filler"
        },
        {
            "episode_number": 184,
            "title": "Kira and Kifune, Offense and Defense of the 3rd Division",
            "type": "filler"
        },
        {
            "episode_number": 185,
            "title": "Ice and Flame! Fierce Fight of Amagai vs. Hitsugaya",
            "type": "filler"
        },
        {
            "episode_number": 186,
            "title": "Sortie Orders! Suppress the House of Kasumiōji",
            "type": "filler"
        },
        {
            "episode_number": 187,
            "title": "Ichigo Rages! The Assassin's Secret",
            "type": "filler"
        },
        {
            "episode_number": 188,
            "title": "Duel! Amagai vs. Ichigo",
            "type": "filler"
        },
        {
            "episode_number": 189,
            "title": "The Fallen Shinigami's Pride",
            "type": "filler"
        },
        {
            "episode_number": 190,
            "title": "Hueco Mundo Chapter Restart!",
            "type": "Mixed cannon/Filler"
        },
        {
            "episode_number": 191,
            "title": "The Frightening Banquet, Szayel Aporro Theater",
            "type": "cannon"
        },
        {
            "episode_number": 192,
            "title": "Nel's Secret, A Busty Beauty Joins the Battle!?",
            "type": "cannon"
        },
        {
            "episode_number": 193,
            "title": "Irresistible, Puppet Show of Terror",
            "type": "Mixed cannon/Filler"
        },
        {
            "episode_number": 194,
            "title": "Neliel's Past",
            "type": "cannon"
        },
        {
            "episode_number": 195,
            "title": "The Ultimate Union! Pesche's Seriousness",
            "type": "cannon"
        },
        {
            "episode_number": 196,
            "title": "Joining the Battle! The Strongest Soul Reaper Army Appears",
            "type": "cannon"
        },
        {
            "episode_number": 197,
            "title": "Byakuya's Bankai, The Quiet Anger",
            "type": "cannon"
        },
        {
            "episode_number": 198,
            "title": "The Two Scientists, Mayuri's Trap",
            "type": "cannon"
        },
        {
            "episode_number": 199,
            "title": "Holy Birth, The Resurrected Szayel Aporro",
            "type": "cannon"
        },
        {
            "episode_number": 200,
            "title": "The Hardest Body!? Cut Down Nnoitra",
            "type": "cannon"
        },
        {
            "episode_number": 201,
            "title": "Nnoitra Released! Multiplying Arms",
            "type": "cannon"
        },
        {
            "episode_number": 202,
            "title": "Fierce Fighting Conclusion! Who's the Strongest?",
            "type": "cannon"
        },
        {
            "episode_number": 203,
            "title": "Karakura Town Gathers! Aizen Versus the Soul Reapers",
            "type": "cannon"
        },
        {
            "episode_number": 204,
            "title": "Ichigo's Seppuku Persuasion Strategy",
            "type": "filler"
        },
        {
            "episode_number": 205,
            "title": "Thump! A Kemari Tournament Filled with Hollows",
            "type": "filler"
        },
        {
            "episode_number": 206,
            "title": "The Past Chapter Begins! The Truth from 110 Years Ago",
            "type": "Mixed cannon/Filler"
        },
        {
            "episode_number": 207,
            "title": "12th Division's New Captain, Kisuke Urahara",
            "type": "Mixed cannon/Filler"
        },
        {
            "episode_number": 208,
            "title": "Aizen and the Genius Boy",
            "type": "cannon"
        },
        {
            "episode_number": 209,
            "title": "Muguruma 9th Division, Moves Out",
            "type": "Mixed cannon/Filler"
        },
        {
            "episode_number": 210,
            "title": "Hiyori Dies? The Beginning of Tragedy",
            "type": "cannon"
        },
        {
            "episode_number": 211,
            "title": "Betrayal! Aizen's Secret Maneuvers",
            "type": "cannon"
        },
        {
            "episode_number": 212,
            "title": "Rescue Hirako! Aizen vs. Urahara",
            "type": "cannon"
        },
        {
            "episode_number": 213,
            "title": "The Konso Cop Karakuraiser is Born",
            "type": "filler"
        },
        {
            "episode_number": 214,
            "title": "Karakuraiser's Last Day",
            "type": "filler"
        },
        {
            "episode_number": 215,
            "title": "Defend Karakura Town! Entire Appearance of the Shinigami",
            "type": "cannon"
        },
        {
            "episode_number": 216,
            "title": "Elite! The Four Shinigami",
            "type": "cannon"
        },
        {
            "episode_number": 217,
            "title": "Beautiful Little Devil Charlotte",
            "type": "cannon"
        },
        {
            "episode_number": 218,
            "title": "Kira, The Battle Within Despair",
            "type": "cannon"
        },
        {
            "episode_number": 219,
            "title": "Hisagi's Shikai! The Name is...",
            "type": "cannon"
        },
        {
            "episode_number": 220,
            "title": "Ikkaku Falls! The Shinigami's Crisis",
            "type": "cannon"
        },
        {
            "episode_number": 221,
            "title": "The Full Showdown! Soul Reapers vs. Espada",
            "type": "cannon"
        },
        {
            "episode_number": 222,
            "title": "The Most Evil Tag!? Suì-Fēng & Ōmaeda",
            "type": "Mixed cannon/Filler"
        },
        {
            "episode_number": 223,
            "title": "A Miraculous Body! Ggio Releases",
            "type": "Mixed cannon/Filler"
        },
        {
            "episode_number": 224,
            "title": "3 vs. 1 Battle! Rangiku's Crisis",
            "type": "cannon"
        },
        {
            "episode_number": 225,
            "title": "Vice-Captains Annihilated! The Terrifying Demonic Beast",
            "type": "cannon"
        },
        {
            "episode_number": 226,
            "title": "Fierce Fighting Concludes? Towards a New Battle!",
            "type": "cannon"
        },
        {
            "episode_number": 227,
            "title": "Wonderful Error",
            "type": "cannon"
        },
        {
            "episode_number": 228,
            "title": "Summer! Sea! Swimsuit Festival!!",
            "type": "filler"
        },
        {
            "episode_number": 229,
            "title": "Cry of the Soul? The Rug Shinigami is Born!",
            "type": "filler"
        },
        {
            "episode_number": 230,
            "title": "A New Enemy! The Materialization of Zanpakutō",
            "type": "filler"
        },
        {
            "episode_number": 231,
            "title": "Byakuya, Disappearing with the Cherry Blossoms",
            "type": "filler"
        },
        {
            "episode_number": 232,
            "title": "Sode no Shirayuki vs. Rukia! Confused Heart",
            "type": "filler"
        },
        {
            "episode_number": 233,
            "title": "Zangetsu Becomes an Enemy",
            "type": "filler"
        },
        {
            "episode_number": 234,
            "title": "Renji Surprised?! The Two Zabimarus",
            "type": "filler"
        },
        {
            "episode_number": 235,
            "title": "Clash! Hisagi vs. Kazeshini",
            "type": "filler"
        },
        {
            "episode_number": 236,
            "title": "Release! The New Getsuga Tenshō",
            "type": "filler"
        },
        {
            "episode_number": 237,
            "title": "Suì-Fēng, Surrounding the Zanpakutō",
            "type": "filler"
        },
        {
            "episode_number": 238,
            "title": "Friendship? Hatred? Haineko & Tobiume",
            "type": "filler"
        },
        {
            "episode_number": 239,
            "title": "The Awakening Hyōrinmaru! Hitsugaya's Fierce Fight",
            "type": "filler"
        },
        {
            "episode_number": 240,
            "title": "Byakuya's Betrayal",
            "type": "filler"
        },
        {
            "episode_number": 241,
            "title": "For the Sake of Pride! Byakuya vs. Renji",
            "type": "filler"
        },
        {
            "episode_number": 242,
            "title": "Shinigami and Zanpakutō, Total Sortie",
            "type": "filler"
        },
        {
            "episode_number": 243,
            "title": "One-to-One Fight! Ichigo vs. Senbonzakura",
            "type": "filler"
        },
        {
            "episode_number": 244,
            "title": "The Long Awaited... Kenpachi Appears!",
            "type": "filler"
        },
        {
            "episode_number": 245,
            "title": "Pursue Byakuya! The Confused Gotei Divisions",
            "type": "filler"
        },
        {
            "episode_number": 246,
            "title": "Special Mission! Rescue Captain Commander Yamamoto!",
            "type": "filler"
        },
        {
            "episode_number": 247,
            "title": "Deceived Shinigami! The World Collapse Crisis",
            "type": "filler"
        },
        {
            "episode_number": 248,
            "title": "Dragon of Ice and Dragon of Flame! The Strongest Showdown!",
            "type": "filler"
        },
        {
            "episode_number": 249,
            "title": "Senbonzakura's Bankai! Offense and Defense of the Living World",
            "type": "filler"
        },
        {
            "episode_number": 250,
            "title": "That Man, for the Sake of the Kuchiki",
            "type": "filler"
        },
        {
            "episode_number": 251,
            "title": "Dark History! The Worst Shinigami Is Born",
            "type": "filler"
        },
        {
            "episode_number": 252,
            "title": "Byakuya, the Truth Behind His Betrayal",
            "type": "filler"
        },
        {
            "episode_number": 253,
            "title": "Muramasa's True Identity Revealed",
            "type": "filler"
        },
        {
            "episode_number": 254,
            "title": "Byakuya and Renji, the 6th Division Returns",
            "type": "filler"
        },
        {
            "episode_number": 255,
            "title": "Final Chapter - Zanpakutō The Alternate Tale",
            "type": "filler"
        },
        {
            "episode_number": 256,
            "title": "The Angered Byakuya! The Collapse of the Kuchiki House",
            "type": "filler"
        },
        {
            "episode_number": 257,
            "title": "A New Enemy! The True Nature of the Sword Fiends",
            "type": "filler"
        },
        {
            "episode_number": 258,
            "title": "Stray Snake, Tortured Monkey",
            "type": "filler"
        },
        {
            "episode_number": 259,
            "title": "Terror! The Monster That Lurks Underground",
            "type": "filler"
        },
        {
            "episode_number": 260,
            "title": "Conclusion!? Hisagi vs. Kazeshini",
            "type": "filler"
        },
        {
            "episode_number": 261,
            "title": "The Person with the Unknown Ability! Orihime Is Targeted",
            "type": "filler"
        },
        {
            "episode_number": 262,
            "title": "Haineko Cries! The Tragic Sword Fiend",
            "type": "filler"
        },
        {
            "episode_number": 263,
            "title": "Imprisonment?! Senbonzakura & Zabimaru",
            "type": "filler"
        },
        {
            "episode_number": 264,
            "title": "Battle of the Females? Katen Kyōkotsu vs. Nanao!",
            "type": "filler"
        },
        {
            "episode_number": 265,
            "title": "Evolution?! The Menace of the Final Sword Fiend",
            "type": "filler"
        },
        {
            "episode_number": 266,
            "title": "Ichigo vs. Ulquiorra, Resume",
            "type": "filler"
        },
        {
            "episode_number": 267,
            "title": "Connected Hearts! The Left Fist of Certain Death",
            "type": "Mixed cannon/Filler"
        },
        {
            "episode_number": 268,
            "title": "Hatred and Jealousy, Orihime's Dilemma",
            "type": "Mixed cannon/Filler"
        },
        {
            "episode_number": 269,
            "title": "Ichigo and Uryū, Bonded Back to Back",
            "type": "cannon"
        },
        {
            "episode_number": 270,
            "title": "Beginning of Despair... Ichigo, the Unreachable Blade",
            "type": "cannon"
        },
        {
            "episode_number": 271,
            "title": "Ichigo Dies! Orihime, the Cry of Sorrow!",
            "type": "cannon"
        },
        {
            "episode_number": 272,
            "title": "Ichigo vs. Ulquiorra, Conclusion!",
            "type": "cannon"
        },
        {
            "episode_number": 273,
            "title": "Fury of the Shark! Harribel's Release",
            "type": "cannon"
        },
        {
            "episode_number": 274,
            "title": "Hitsugaya, the Desperate Hyōten Hyakkasō!",
            "type": "Mixed cannon/Filler"
        },
        {
            "episode_number": 275,
            "title": "The Approaching Breath of Death, the King Who Rules Over Death!",
            "type": "cannon"
        },
        {
            "episode_number": 276,
            "title": "One Hit Kill, Suì-Fēng, Bankai!",
            "type": "Mixed cannon/Filler"
        },
        {
            "episode_number": 277,
            "title": "Climax! Kyōraku vs. Starrk!",
            "type": "cannon"
        },
        {
            "episode_number": 278,
            "title": "The Nightmare Returns... Revival of the Espada",
            "type": "cannon"
        },
        {
            "episode_number": 279,
            "title": "Hirako and Aizen...the Reunion of Fate!",
            "type": "cannon"
        },
        {
            "episode_number": 280,
            "title": "Hisagi and Tōsen, the Moment of Parting",
            "type": "cannon"
        },
        {
            "episode_number": 281,
            "title": "Crown of Lies, Barragan's Grudge",
            "type": "cannon"
        },
        {
            "episode_number": 282,
            "title": "Power of the Soul! Los Lobos, Attack!",
            "type": "cannon"
        },
        {
            "episode_number": 283,
            "title": "Starrk, the Lone Battle",
            "type": "cannon"
        },
        {
            "episode_number": 284,
            "title": "Chain of Sacrifice, Harribel's Past",
            "type": "Mixed cannon/Filler"
        },
        {
            "episode_number": 285,
            "title": "The Hundred-Year Grudge! Hiyori's Revenge",
            "type": "Mixed cannon/Filler"
        },
        {
            "episode_number": 286,
            "title": "Ichigo's Return! Protect Karakura Town",
            "type": "cannon"
        },
        {
            "episode_number": 287,
            "title": "Side Story! Ichigo and the Magic Lamp",
            "type": "filler"
        },
        {
            "episode_number": 288,
            "title": "The Final trump card! Ichigo, Towards the Decisive Battle",
            "type": "Mixed cannon/Filler"
        },
        {
            "episode_number": 289,
            "title": "Byakuya vs. Kenpachi?! The Melee Commences",
            "type": "cannon"
        },
        {
            "episode_number": 290,
            "title": "For the Sake of Justice?! The Man Who Deserted the Shinigami",
            "type": "Mixed cannon/Filler"
        },
        {
            "episode_number": 291,
            "title": "Desperate Struggle with Aizen! Hirako, Shikai!",
            "type": "Mixed cannon/Filler"
        },
        {
            "episode_number": 292,
            "title": "All Out War! Aizen vs. Shinigami",
            "type": "cannon"
        },
        {
            "episode_number": 293,
            "title": "Hitsugaya, Enraged! Blade of Hatred!",
            "type": "cannon"
        },
        {
            "episode_number": 294,
            "title": "Impossible to Attack? The Sealed Genryūsai!",
            "type": "cannon"
        },
        {
            "episode_number": 295,
            "title": "It's All a Trap... Engineered Bonds!",
            "type": "Mixed cannon/Filler"
        },
        {
            "episode_number": 296,
            "title": "The Shocking Truth...The Mysterious Power Within Ichigo!",
            "type": "Mixed cannon/Filler"
        },
        {
            "episode_number": 297,
            "title": "The Extending Blade?! Ichigo vs. Gin!",
            "type": "cannon"
        },
        {
            "episode_number": 298,
            "title": "Ichigo vs. Ulquiorra, Resume",
            "type": "filler"
        },
        {
            "episode_number": 299,
            "title": "Theatre Opening Commemoration! The Hell Verse: Prologue",
            "type": "filler"
        },
        {
            "episode_number": 300,
            "title": "Urahara Appears! Stop Aizen!",
            "type": "cannon"
        },
        {
            "episode_number": 301,
            "title": "Ichigo Loses His Fighting Spirit!? Gin's Expectation!",
            "type": "cannon"
        },
        {
            "episode_number": 302,
            "title": "The Final Getsuga Tenshō!? Ichigo's Training!",
            "type": "cannon"
        },
        {
            "episode_number": 303,
            "title": "Real World and Shinigami! The New Year Special!",
            "type": "filler"
        },
        {
            "episode_number": 304,
            "title": "Another Side Story! This Time's Enemy Is a Monster!?",
            "type": "filler"
        },
        {
            "episode_number": 305,
            "title": "Delusion Roars! Hisagi, Towards the Hot Springs Inn!",
            "type": "filler"
        },
        {
            "episode_number": 306,
            "title": "For the Sake of Protecting! Ichigo vs. Tensa Zangetsu!",
            "type": "cannon"
        },
        {
            "episode_number": 307,
            "title": "Emergency Situation! Aizen, New Evolution!",
            "type": "cannon"
        },
        {
            "episode_number": 308,
            "title": "Goodbye...Rangiku",
            "type": "cannon"
        },
        {
            "episode_number": 309,
            "title": "Fierce Fighting Conclusion! Release, the Final Getsuga Tenshō!",
            "type": "cannon"
        },
        {
            "episode_number": 310,
            "title": "Ichigo's Resolution! The Price of the Fierce Battle",
            "type": "Mixed cannon/Filler"
        },
        {
            "episode_number": 311,
            "title": "The Soul Detective: Karakuraiser Takes Off Again!",
            "type": "filler"
        },
        {
            "episode_number": 312,
            "title": "Inauguration! The Brand New 2nd Division Captain!",
            "type": "filler"
        },
        {
            "episode_number": 313,
            "title": "The Man Who Risks His Life in the 11th Division!",
            "type": "filler"
        },
        {
            "episode_number": 314,
            "title": "Kon saw it! The Secret of a Beautiful Office Lady",
            "type": "filler"
        },
        {
            "episode_number": 315,
            "title": "Yachiru's friend! The Shinigami of Justice Appears!",
            "type": "filler"
        },
        {
            "episode_number": 316,
            "title": "Toshirō Hitsugaya's Holiday!",
            "type": "filler"
        },
        {
            "episode_number": 317,
            "title": "Unusual Incident in Seireitei?! Gotei 13 Invading Army Arc!",
            "type": "filler"
        },
        {
            "episode_number": 318,
            "title": "Renji vs. Rukia?! Battle With Comrades!",
            "type": "filler"
        },
        {
            "episode_number": 319,
            "title": "Ichigo's Capture Net! Escape From Soul Society!",
            "type": "filler"
        },
        {
            "episode_number": 320,
            "title": "Gotei 13, Gathering in the Real World!",
            "type": "filler"
        },
        {
            "episode_number": 321,
            "title": "Showdown of Mutual Self, Ikkaku vs. Ikkaku!",
            "type": "filler"
        },
        {
            "episode_number": 322,
            "title": "Clash! Rukia vs. Rukia!",
            "type": "filler"
        },
        {
            "episode_number": 323,
            "title": "Protect Ichigo! Nozomi's Determination",
            "type": "filler"
        },
        {
            "episode_number": 324,
            "title": "Recapture Seireitei! The Captains Move!",
            "type": "filler"
        },
        {
            "episode_number": 325,
            "title": "For the Sake of the Believers! Byakuya vs. Hitsugaya!",
            "type": "filler"
        },
        {
            "episode_number": 326,
            "title": "The Two Hinamori, Hitsugaya's Resolution",
            "type": "filler"
        },
        {
            "episode_number": 327,
            "title": "Pride of the Kuchiki Family! Byakuya vs. Byakuya!",
            "type": "filler"
        },
        {
            "episode_number": 328,
            "title": "Defeat Kageroza! Shinigami, All-Out War!",
            "type": "filler"
        },
        {
            "episode_number": 329,
            "title": "The Forbidden Research...Nozomi's Hidden Secret!",
            "type": "filler"
        },
        {
            "episode_number": 330,
            "title": "I Want to Live...! Nozomi's Zanpakutō",
            "type": "filler"
        },
        {
            "episode_number": 331,
            "title": "For the Sake of Fighting! The Awakened Nozomi!",
            "type": "filler"
        },
        {
            "episode_number": 332,
            "title": "The Most Evil Reigai, Appearing in the Real World!",
            "type": "filler"
        },
        {
            "episode_number": 333,
            "title": "Destroy Nozomi!? Genryusai's Decision!",
            "type": "filler"
        },
        {
            "episode_number": 334,
            "title": "The Depleting Reiatsu! Ichigo, Death Struggle of the Soul!",
            "type": "filler"
        },
        {
            "episode_number": 335,
            "title": "Hiding in the Dangai? Another Ichigo?!",
            "type": "filler"
        },
        {
            "episode_number": 336,
            "title": "Pursue Kageroza! Technological Development Department, Infiltration!",
            "type": "filler"
        },
        {
            "episode_number": 337,
            "title": "The Developer of the Modified Souls",
            "type": "filler"
        },
        {
            "episode_number": 338,
            "title": "Kon's Thoughts, Nozomi's Thoughts",
            "type": "filler"
        },
        {
            "episode_number": 339,
            "title": "Protect Ichigo! The Bonds of Friends!",
            "type": "filler"
        },
        {
            "episode_number": 340,
            "title": "Reigai vs. Original, The Fierce Fighting for Gambled Pride!",
            "type": "filler"
        },
        {
            "episode_number": 341,
            "title": "Invading Army Arc, Final Conclusion!",
            "type": "filler"
        },
        {
            "episode_number": 342,
            "title": "Thank You",
            "type": "Mixed cannon/Filler"
        },
        {
            "episode_number": 343,
            "title": "3rd Year High School Student! Dressed Up, and a New Chapter Begins!",
            "type": "Mixed cannon/Filler"
        },
        {
            "episode_number": 344,
            "title": "A Dispute in School?! Ichigo and Uryū, Fight Together!",
            "type": "cannon"
        },
        {
            "episode_number": 345,
            "title": "Uryū is Attacked, A Threat Draws Near the Friends!",
            "type": "Mixed cannon/Filler"
        },
        {
            "episode_number": 346,
            "title": "The Man with the Fullbring Ability: Kugo Ginjō",
            "type": "cannon"
        },
        {
            "episode_number": 347,
            "title": "A Crisis Sneaking up on the Kurosaki Family?! Ichigo's Confusion!",
            "type": "Mixed cannon/Filler"
        },
        {
            "episode_number": 348,
            "title": "Power of the Substitute Badge, Ichigo's 'Pride'!",
            "type": "cannon"
        },
        {
            "episode_number": 349,
            "title": "Next Target, The Devil's Hand Aims at Orihime!",
            "type": "cannon"
        },
        {
            "episode_number": 350,
            "title": "The Man Who Killed the Shinigami Substitute?! Tsukishima Makes His Move",
            "type": "cannon"
        },
        {
            "episode_number": 351,
            "title": "Fullbring, The Detested Power!",
            "type": "Mixed cannon/Filler"
        },
        {
            "episode_number": 352,
            "title": "Tsukishima Attacks! The Training Has Been Thwarted",
            "type": "cannon"
        },
        {
            "episode_number": 353,
            "title": "Ichigo, Mastering the Fullbring!",
            "type": "cannon"
        },
        {
            "episode_number": 354,
            "title": "Ichigo vs. Ginjō! To the Game's Space",
            "type": "cannon"
        },
        {
            "episode_number": 355,
            "title": "Shinigami at War! New Year in Seireitei Special!",
            "type": "filler"
        },
        {
            "episode_number": 356,
            "title": "Friend or Foe?! Ginjō's True Intentions!",
            "type": "cannon"
        },
        {
            "episode_number": 357,
            "title": "Tsukishima's Ability, the Danger is Drawing Near!",
            "type": "Mixed cannon/Filler"
        },
        {
            "episode_number": 358,
            "title": "Clash!? Xcution attacks Ginjō",
            "type": "cannon"
        },
        {
            "episode_number": 359,
            "title": "The Sorrowful Battle! Ichigo vs. Sado & Orihime",
            "type": "cannon"
        },
        {
            "episode_number": 360,
            "title": "Ichigo vs Uryu?! Who is the Traitor?!",
            "type": "cannon"
        },
        {
            "episode_number": 361,
            "title": "A New Appearance! The Gotei 13, Arrives!",
            "type": "cannon"
        },
        {
            "episode_number": 362,
            "title": "Revival! Substitute Shinigami: Ichigo Kurosaki!",
            "type": "cannon"
        },
        {
            "episode_number": 363,
            "title": "Fierce Fight! Shinigami vs. XCUTION!",
            "type": "cannon"
        },
        {
            "episode_number": 364,
            "title": "Desperate Struggle!? Byakuya's Troubled Memories",
            "type": "cannon"
        },
        {
            "episode_number": 365,
            "title": "Ichigo vs. Ginjō! Secret of the Substitute Badge",
            "type": "cannon"
        },
        {
            "episode_number": 366,
            "title": "Changing History, Unchanging Heart",
            "type": "cannon"
        }



    ]
}