{
    "anime_id": 17,
    "anime_name": "Gintama",
    "total_episodes": 369,
    "genres": "Comedy",
    "episodes": [
        {
            "episode_number": 1,
            "title": "You Guys!! Do You Even Have a Gintama? (Part 1)",
            "type": "filler"
        },
        {
            "episode_number": 2,
            "title": "You Guys!! Do You Even Have a Gintama? (Part 2)",
            "type": "filler"
        },
        {
            "episode_number": 3,
            "title": "Nobody with Naturally Wavy Hair Can Be That Bad",
            "type": "cannon"
        },
        {
            "episode_number": 4,
            "title": "Watch Out! Weekly Shonen Jump Sometimes Comes Out on Saturdays!",
            "type": "cannon"
        },
        {
            "episode_number": 5,
            "title": "Make Friends You Can Call by Their Nicknames, Even When You're an Old Fart",
            "type": "cannon"
        },
        {
            "episode_number": 6,
            "title": "Keep Your Promise Even If It Kills You",
            "type": "cannon"
        },
        {
            "episode_number": 7,
            "title": "Responsible Owners Should Clean Up After Their Pets",
            "type": "cannon"
        },
        {
            "episode_number": 8,
            "title": "There Is Butt A Fine Line Between Persistence And Stubbornness",
            "type": "cannon"
        },
        {
            "episode_number": 9,
            "title": "Fighting Should Be Done With Fists",
            "type": "cannon"
        },
        {
            "episode_number": 10,
            "title": "Eat Something Sour When You're Tired",
            "type": "cannon"
        },
        {
            "episode_number": 11,
            "title": "Look, Overly Sticky Sweet Dumplings Are Not Real Dumplings, You Idiot!",
            "type": "cannon"
        },
        {
            "episode_number": 12,
            "title": "People Who Make Good First Impressions Usually Suck",
            "type": "cannon"
        },
        {
            "episode_number": 13,
            "title": "If You're Going To Cosplay, Go All Out",
            "type": "cannon"
        },
        {
            "episode_number": 14,
            "title": "You Only Gotta Wash Under Your Armpits - Just the Armpits",
            "type": "cannon"
        },
        {
            "episode_number": 15,
            "title": "Pets Resemble Their Owners",
            "type": "cannon"
        },
        {
            "episode_number": 16,
            "title": "If You Stop And Think About It, Your Life's a Lot Longer as an Old Guy Than a Kid! Whoa, Scary!!",
            "type": "cannon"
        },
        {
            "episode_number": 17,
            "title": "Sons Only Take After Their Father's Negative Attributes",
            "type": "cannon"
        },
        {
            "episode_number": 18,
            "title": "Oh, Yeah! Our Crib Is Number One!",
            "type": "cannon"
        },
        {
            "episode_number": 19,
            "title": "Why's the Sea So Salty? Because You City Folk Pee Whenever You Go Swimming!",
            "type": "cannon"
        },
        {
            "episode_number": 20,
            "title": "Watch Out for Conveyer Belts!",
            "type": "cannon"
        },
        {
            "episode_number": 21,
            "title": "If You're A Man, Try The Swordfish!",
            "type": "cannon"
        },
        {
            "episode_number": 22,
            "title": "Marriage Is Prolonging An Illusion For Your Whole Life",
            "type": "cannon"
        },
        {
                "episode_number": 23,
                "title": "When You're In A Fix, Keep On Laughing, Laughing...",
                "type": "cannon"
            },
            {
                "episode_number": 24,
                "title": "Cute Faces Are Always Hiding Something",
                "type": "cannon"
            },
            {
                "episode_number": 25,
                "title": "A Shared Soup Pot Is A Microcosm Of Life",
                "type": "cannon"
            },
            {
                "episode_number": 26,
                "title": "Don't Be Shy - Just Raise Your Hand And Say It",
                "type": "cannon"
            },
            {
                "episode_number": 27,
                "title": "Some Things Can't Be Cut With A Sword",
                "type": "cannon"
            },
            {
                "episode_number": 28,
                "title": "Good Things Never Come In Twos (But Bad Things Do)",
                "type": "cannon"
            },
            {
                "episode_number": 29,
                "title": "Don't Panic - There's A Return Policy!",
                "type": "cannon"
            },
            {
                "episode_number": 30,
                "title": "Even Teen Idols Act Like You Guys",
                "type": "cannon"
            },
            {
                "episode_number": 31,
                "title": "You Always Remember The Things That Matter The Least",
                "type": "cannon"
            },
            {
                "episode_number": 32,
                "title": "Life Moves On Like A Conveyor Belt",
                "type": "cannon"
            },
            {
                "episode_number": 33,
                "title": "Mistaking Someone's Name Is Rude!",
                "type": "cannon"
            },
            {
                "episode_number": 34,
                "title": "Love Doesn't Require A Manual",
                "type": "cannon"
            },
            {
                "episode_number": 35,
                "title": "Love Doesn't Require A Manual (Continued)",
                "type": "cannon"
            },
            {
                "episode_number": 36,
                "title": "People With Dark Pasts Can't Shut Up",
                "type": "cannon"
            },
            {
                "episode_number": 37,
                "title": "People Who Say That Santa Doesn't Really Exist Actually Want To Believe In Him",
                "type": "cannon"
            },
            {
                "episode_number": 38,
                "title": "Only Children Play In The Snow",
                "type": "cannon"
            },
            {
                "episode_number": 39,
                "title": "Ramen Shops With Long Menus Never Do Well",
                "type": "cannon"
            },
            {
                "episode_number": 40,
                "title": "Give A Thought To Planned Pregnancy",
                "type": "cannon"
            },
            {
                "episode_number": 41,
                "title": "You Can't Judge A Movie By Its Title",
                "type": "cannon"
            },
            {
                "episode_number": 42,
                "title": "You Know What Happens If You Pee On A Worm",
                "type": "cannon"
            },
            {
                "episode_number": 43,
                "title": "Make Characters So Anybody Can Tell Who They Are By Just Their Silhouettes",
                "type": "cannon"
            },
            {
                "episode_number": 44,
                "title": "Mom's Busy, Too, So Quit Complaining About What's For Dinner",
                "type": "cannon"
            },
            {
                "episode_number": 45,
                "title": "Walk Your Dog At An Appropriate Speed",
                "type": "cannon"
            },
            {
                "episode_number": 46,
                "title": "Adults Only. We Wouldn't Want Anyone Immature In Here...",
                "type": "cannon"
            },
            {
                "episode_number": 47,
                "title": "Do Cherries Come From Cherry Trees?",
                "type": "cannon"
            },
            {
                "episode_number": 48,
                "title": "The More You're Alike, The More You Fight",
                "type": "cannon"
            },
            {
                "episode_number": 49,
                "title": "A Life Without Gambling Is Like Sushi Without Wasabi",
                "type": "cannon"
            },
            {
                "episode_number": 50,
                "title": "Pending Means Pending, It's Not Final",
                "type": "filler"
            },
            {
                "episode_number": 51,
                "title": "Milk Should Be Served At Body Temperature",
                "type": "cannon"
            },
            {
                "episode_number": 52,
                "title": "If You Want To See Someone, Make An Appo First",
                "type": "cannon"
            },
            {
                "episode_number": 53,
                "title": "Stress Makes You Bald, But It's Stressful To Avoid Stress, So You End Up Stressed Out, So In The End There's Nothing You Can Do",
                "type": "cannon"
            },
            {
                "episode_number": 54,
                "title": "Mothers Everywhere Are All The Same",
                "type": "cannon"
            },
            {
                "episode_number": 55,
                "title": "Don't Make Munching Noises When You Eat",
                "type": "cannon"
            },
            {
                "episode_number": 56,
                "title": "Keep An Eye On The Chief For The Day",
                "type": "cannon"
            },
            {
                "episode_number": 57,
                "title": "When Looking For Things You've Lost, Remember What You Were Doing On The Day You Lost It",
                "type": "filler"
            },
            {
                "episode_number": 58,
                "title": "Croquette Sandwiches Are Always The Most Popular Food Sold At The Stalls",
                "type": "cannon"
            },
            {
                "episode_number": 59,
                "title": "Be Careful Not To Leave Your Umbrella Somewhere",
                "type": "cannon"
            },
            {
                "episode_number": 60,
                "title": "The Sun Will Rise Again",
                "type": "cannon"
            },
            {
                "episode_number": 61,
                "title": "On A Moonless Night, Insects Are Drawn To The Light",
                "type": "cannon"
            },
            {
                "episode_number": 62,
                "title": "Even Mummy Hunters Sometimes Turn Into Mummys",
                "type": "cannon"
            },
            {
                "episode_number": 63,
                "title": "The Preview Section In JUMP Is Always Unreliable",
                "type": "cannon"
            },
            {
                "episode_number": 64,
                "title": "Eating Nmaibo Can Make You Full In No Time",
                "type": "cannon"
            },
            {
                "episode_number": 65,
                "title": "Rhinoceros Beetles Teach Boys That Life Is Precious",
                "type": "cannon"
            },
            {
                "episode_number": 66,
                "title": "Dango Over Flowers",
                "type": "cannon"
            },
            {
                "episode_number": 67,
                "title": "For The Wind Is The Life",
                "type": "cannon"
            },
            {
                "episode_number": 68,
                "title": "Like A Haunted House, Life Is Filled With Horrors",
                "type": "cannon"
            },
            {
                "episode_number": 69,
                "title": "Please Help By Separating Your Trash",
                "type": "cannon"
            },
            {
                "episode_number": 70,
                "title": "Too Many Cuties Can Make You Sick",
                "type": "cannon"
            },
            {
                "episode_number": 71,
                "title": "Some Data Cannot Be Erased",
                "type": "cannon"
            },
            {
                "episode_number": 72,
                "title": "A Dog's Paws Smell Fragrant",
                "type": "cannon"
            },
            {
                "episode_number": 73,
                "title": "Think For A Minute Now, Do Matsutake Mushrooms Really Taste All That Good?",
                "type": "cannon"
            },
            {
                "episode_number": 74,
                "title": "The Manga Writer Becomes A Pro, After Doing A Stock Of Manuscripts",
                "type": "cannon"
            },
            {
                "episode_number": 75,
                "title": "Don't Complain About Your Job At Home, Do It Somewhere Else",
                "type": "filler"
            },
            {
                "episode_number": 76,
                "title": "In Those Situations, Keep Quiet And Cook Red Rice With Beans",
                "type": "cannon"
            },
            {
                "episode_number": 77,
                "title": "Yesterday's Enemy, After All Is Said And Done, Is Still The Enemy",
                "type": "cannon"
            },
            {
                "episode_number": 78,
                "title": "People Who Are Picky About Food Are Also Picky About People, Too",
                "type": "cannon"
            },
            {
                "episode_number": 79,
                "title": "Four Heads Are Better Than One",
                "type": "cannon"
            },
            {
                "episode_number": 80,
                "title": "When Someone Who Wears Glasses Takes Them Off, It Looks Like Something's Missing",
                "type": "cannon"
            },
            {
                "episode_number": 81,
                "title": "A Woman's Best Make Up Is Her Smile",
                "type": "cannon"
            },
            {
                "episode_number": 82,
                "title": "You Don't Stand In Line For The Ramen, You Stand In Line For The Self Satisfaction",
                "type": "cannon"
            },
            {
                "episode_number": 83,
                "title": "Rank Has Nothing To Do With Luck",
                "type": "cannon"
            },
            {
                "episode_number": 84,
                "title": "Hard-Boiled Egg On A Man's Heart",
                "type": "cannon"
            },
            {
                "episode_number": 85,
                "title": "Hard-Boiled Eggs Don't Crack",
                "type": "cannon"
            },
            {
                "episode_number": 86,
                "title": "It's Often Difficult To Sleep When You're Engrossed With Counting Sheep",
                "type": "cannon"
            },
            {
                "episode_number": 87,
                "title": "Perform A German Suplex On A Woman Who Asks If She Or The Job Is More Important",
                "type": "cannon"
            },
            {
                "episode_number": 88,
                "title": "The Most Exciting Part Of A Group Date Is Before It Starts",
                "type": "cannon"
            },
            {
                "episode_number": 89,
                "title": "What Happens Twice, Happens Thrice",
                "type": "cannon"
            },
            {
                "episode_number": 90,
                "title": "The More Delicious The Food, The Nastier It Is When It Goes Bad",
                "type": "cannon"
            },
            {
                "episode_number": 91,
                "title": "If You Want To Lose Weight, Then Stop Eating And Start Moving",
                "type": "cannon"
            },
            {
                "episode_number": 92,
                "title": "Be A Person Who Can See People's Strong Points And Not Their Weak Points",
                "type": "cannon"
            },
            {
                "episode_number": 93,
                "title": "Even A Hero Has Issues",
                "type": "cannon"
            },
            {
                "episode_number": 94,
                "title": "When Riding A Train, Make Sure You Grab The Straps With Both Hands",
                "type": "cannon"
            },
            {
                "episode_number": 95,
                "title": "Men, Be A Madao",
                "type": "cannon"
            },
            {
                "episode_number": 96,
                "title": "If You're A Man, Don't Give Up",
                "type": "cannon"
            },
            {
                "episode_number": 97,
                "title": "Exaggerate The Tales Of Your Exploits By A Third, So Everyone Has A Good Time",
                "type": "cannon"
            },
            {
                "episode_number": 98,
                "title": "Play Video Games For Only An Hour A Day",
                "type": "cannon"
            },
            {
                "episode_number": 99,
                "title": "Life And Video Games Are Full Of Bugs",
                "type": "cannon"
            },
                {
                    "episode_number": 100,
                    "title": "The More Something Is Disliked, The More Lovely It Is",
                    "type": "cannon"
                },
                {
                    "episode_number": 101,
                    "title": "Rules Are Made To Be Broken",
                    "type": "cannon"
                },
                {
                    "episode_number": 102,
                    "title": "Otaku Are Talkative",
                    "type": "cannon"
                },
                {
                    "episode_number": 103,
                    "title": "There's A Thin Line Between Strengths And Weaknesses",
                    "type": "cannon"
                },
                {
                    "episode_number": 104,
                    "title": "Important Things Are Hard To See",
                    "type": "cannon"
                },
                {
                    "episode_number": 105,
                    "title": "It's All About The Beat And Timing",
                    "type": "cannon"
                },
                {
                    "episode_number": 106,
                    "title": "Love Is Often Played Out In Sudden Death",
                    "type": "filler"
                },
                {
                    "episode_number": 107,
                    "title": "Kids Don't Understand How Their Parents Feel",
                    "type": "cannon"
                },
                {
                    "episode_number": 108,
                    "title": "Some Things are Better Left Unsaid",
                    "type": "cannon"
                },
                {
                    "episode_number": 109,
                    "title": "Life Is A Test",
                    "type": "cannon"
                },
                {
                    "episode_number": 110,
                    "title": "People Are All Escapees Of Their Own Inner Prisons",
                    "type": "cannon"
                },
                {
                    "episode_number": 111,
                    "title": "Definitely Do Not Let Your Girlfriend See The Things You Use For Cross-Dressing.",
                    "type": "cannon"
                },
                {
                    "episode_number": 112,
                    "title": "Lucky Is A Man Who Gets Up And Goes To Work",
                    "type": "cannon"
                },
                {
                    "episode_number": 113,
                    "title": "Cleaning The Toilet Cleanses The Soul",
                    "type": "cannon"
                },
                {
                    "episode_number": 114,
                    "title": "They Say Soy Sauce On Pudding Tastes Like Sea Urchin, But Soy Sauce On Pudding Only Tastes Like Pudding And Soy Sauce",
                    "type": "filler"
                },
                {
                    "episode_number": 115,
                    "title": "Summer Vacation Is The Most Fun Right Before It Begins",
                    "type": "cannon"
                },
                {
                    "episode_number": 116,
                    "title": "The Older, The Wiser",
                    "type": "cannon"
                },
                {
                    "episode_number": 117,
                    "title": "Beauty Is Like A Summer Fruit",
                    "type": "cannon"
                },
                {
                    "episode_number": 118,
                    "title": "Even If Your Back Is Bent, Go Straight Forward",
                    "type": "cannon"
                },
                {
                    "episode_number": 119,
                    "title": "Within Each Box Of Cigarettes, Are One Or Two Cigarettes That Smell Like Horse Dung",
                    "type": "cannon"
                },
                {
                    "episode_number": 120,
                    "title": "Japanese Restaurants Abroad Taste Pretty Much Like School Cafeteria Lunches",
                    "type": "cannon"
                },
                {
                    "episode_number": 121,
                    "title": "Novices Only Need A Flathead And A Phillips",
                    "type": "cannon"
                },
                {
                    "episode_number": 122,
                    "title": "Imagination Is Nurtured In The 8th Grade",
                    "type": "cannon"
                },
                {
                    "episode_number": 123,
                    "title": "Always Keep A Screwdriver In Your Heart",
                    "type": "cannon"
                },
                {
                    "episode_number": 124,
                    "title": "When Nagging Goes Too Far It Becomes Intimidating",
                    "type": "filler"
                },
                {
                    "episode_number": 125,
                    "title": "Entering The Final Chapter!",
                    "type": "filler"
                },
                {
                    "episode_number": 126,
                    "title": "Some Things Can Only Be Conveyed Through The Written Word",
                    "type": "cannon"
                },
                {
                    "episode_number": 127,
                    "title": "Sometimes You Must Meet To Understand",
                    "type": "cannon"
                },
                {
                    "episode_number": 128,
                    "title": "Sometimes You Can't Tell Just By Meeting Someone",
                    "type": "cannon"
                },
                {
                    "episode_number": 129,
                    "title": "Beware Of Food You Pick Up Off The Ground",
                    "type": "cannon"
                },
                {
                    "episode_number": 130,
                    "title": "Cat Lovers And Dog Lovers Are Mutually Exclusive",
                    "type": "cannon"
                },
                {
                    "episode_number": 131,
                    "title": "Fights Often Ensue During Trips",
                    "type": "cannon"
                },
                {
                    "episode_number": 132,
                    "title": "Briefs Will Unavoidably Get Skidmarks",
                    "type": "cannon"
                },
                {
                    "episode_number": 133,
                    "title": "Gin And His Excellency's Good-For-Nothings",
                    "type": "cannon"
                },
                {
                    "episode_number": 134,
                    "title": "Be Very Careful When Using Ghost Stories",
                    "type": "cannon"
                },
                {
                    "episode_number": 135,
                    "title": "Before Worrying About The Earth, Think About The Even More Endangered Future Of 'Gintaman'",
                    "type": "filler"
                },
                {
                    "episode_number": 136,
                    "title": "It's Your House, You Build It",
                    "type": "cannon"
                },
                {
                    "episode_number": 137,
                    "title": "99% Of Men Aren't Confident In Confessing Their Love",
                    "type": "filler"
                },
                {
                    "episode_number": 138,
                    "title": "Let's Talk About The Old Days Once In A While",
                    "type": "cannon"
                },
                {
                    "episode_number": 139,
                    "title": "Don't Put Your Wallet In Your Back Pocket",
                    "type": "cannon"
                },
                {
                    "episode_number": 140,
                    "title": "Beware Of Those Who Use An Umbrella On A Sunny Day!",
                    "type": "cannon"
                },
                {
                    "episode_number": 141,
                    "title": "Butting Into A Fight Is Dangerous",
                    "type": "cannon"
                },
                {
                    "episode_number": 142,
                    "title": "Life Is A Series Of Choices",
                    "type": "cannon"
                },
                {
                    "episode_number": 143,
                    "title": "Those Who Stand On Four Legs Are Beasts. Those Who Stand On Two Legs, Guts, And Glory Are Men",
                    "type": "cannon"
                },
                {
                    "episode_number": 144,
                    "title": "Don't Trust Bedtime Stories",
                    "type": "cannon"
                },
                {
                    "episode_number": 145,
                    "title": "The Color For Each Person's Bond Comes In Various Colors",
                    "type": "cannon"
                },
                {
                    "episode_number": 146,
                    "title": "The Taste Of Drinking Under Broad Daylight Is Something Special",
                    "type": "cannon"
                },
                {
                    "episode_number": 147,
                    "title": "All Adults Are Instructors For All Children",
                    "type": "cannon"
                },
                {
                    "episode_number": 148,
                    "title": "Zip Up Your Fly Nice And Slowly",
                    "type": "cannon"
                },
                {
                    "episode_number": 149,
                    "title": "When Breaking A Chuubert In Half, The End With The Knob Should Be Better. It's Also Tasty To Drink From There",
                    "type": "cannon"
                },
                {
                    "episode_number": 150,
                    "title": "If You Can't Beat Them, Join Them",
                    "type": "filler"
                },
                    {
                        "episode_number": 151,
                        "title": "A Conversation With A Barber, During A Haircut, Is The Most Pointless Thing In The World",
                        "type": "cannon"
                    },
                    {
                        "episode_number": 152,
                        "title": "The Heavens Created Chonmage Above Man Instead Of Another Man",
                        "type": "cannon"
                    },
                    {
                        "episode_number": 153,
                        "title": "Sleep Helps A Child Grow",
                        "type": "cannon"
                    },
                    {
                        "episode_number": 154,
                        "title": "That Person Looks Different From Usual During A Birthday Party",
                        "type": "cannon"
                    },
                    {
                        "episode_number": 155,
                        "title": "The Other Side Of The Other Side Of The Other Side Would Be The Other Side",
                        "type": "filler"
                    },
                    {
                        "episode_number": 156,
                        "title": "It Takes A Bit Of Courage To Enter A Street Vendor's Stand",
                        "type": "cannon"
                    },
                    {
                        "episode_number": 157,
                        "title": "Any Place With A Bunch Of Men Gathered Around Will Turn Into A Battlefield",
                        "type": "cannon"
                    },
                    {
                        "episode_number": 158,
                        "title": "If A Friend Gets Injured, Take Him To The Hospital, Stat!",
                        "type": "cannon"
                    },
                    {
                        "episode_number": 159,
                        "title": "If One Orange In The Box Is Rotten, The Rest Of Them Will Become Rotten Before You Realize It",
                        "type": "cannon"
                    },
                    {
                        "episode_number": 160,
                        "title": "From A Foreigner's Perspective, You're The Foreigner. From An Alien's Perspective, You're The Alien",
                        "type": "cannon"
                    },
                    {
                        "episode_number": 161,
                        "title": "Laputa's Still Good After Seeing It So Many Times",
                        "type": "cannon"
                    },
                    {
                        "episode_number": 162,
                        "title": "Love Is Unconditional",
                        "type": "cannon"
                    },
                    {
                        "episode_number": 163,
                        "title": "The Black Ships Even Make A Scene When They Sink",
                        "type": "cannon"
                    },
                    {
                        "episode_number": 164,
                        "title": "That Matsutake Soup Stuff Tastes Better Than The Real Deal",
                        "type": "cannon"
                    },
                    {
                        "episode_number": 165,
                        "title": "If It Works Once, It'll Work Over And Over Again",
                        "type": "cannon"
                    },
                    {
                        "episode_number": 166,
                        "title": "Two Is Better Than One. Two People Are Better Than One",
                        "type": "cannon"
                    },
                    {
                        "episode_number": 167,
                        "title": "Smooth Polygons Smooth Men's Hearts Too",
                        "type": "cannon"
                    },
                    {
                        "episode_number": 168,
                        "title": "The Human Body Is Like A Little Universe",
                        "type": "cannon"
                    },
                    {
                        "episode_number": 169,
                        "title": "The Chosen Idiots",
                        "type": "cannon"
                    },
                    {
                        "episode_number": 170,
                        "title": "And Into The Legend...",
                        "type": "cannon"
                    },
                    {
                        "episode_number": 171,
                        "title": "You'll Get Sued If All You Do Is Copy Others",
                        "type": "filler"
                    },
                    {
                        "episode_number": 172,
                        "title": "It All Depends On How You Use The 'Carrot And Stick' Method",
                        "type": "cannon"
                    },
                    {
                        "episode_number": 173,
                        "title": "It's What's On The Inside That Counts",
                        "type": "filler"
                    },
                    {
                        "episode_number": 174,
                        "title": "Are There Still People Who Go To The Ocean And Yell Out 'Bakayaro'?",
                        "type": "filler"
                    },
                    {
                        "episode_number": 175,
                        "title": "People Of All Ages Hate The Dentist!",
                        "type": "cannon"
                    },
                    {
                        "episode_number": 176,
                        "title": "Countdown Begins",
                        "type": "filler"
                    },
                    {
                        "episode_number": 177,
                        "title": "It's Bad Luck To See A Spider At Night",
                        "type": "cannon"
                    },
                    {
                        "episode_number": 178,
                        "title": "Once You're Entangled In A Spiderweb, It's Hard To Get It Off",
                        "type": "cannon"
                    },
                    {
                        "episode_number": 179,
                        "title": "It's The Irresponsible One Who's Scary When Pissed",
                        "type": "cannon"
                    },
                    {
                        "episode_number": 180,
                        "title": "The More Precious The Burden, The Heavier And More Difficult It Is To Shoulder It",
                        "type": "cannon"
                    },
                    {
                        "episode_number": 181,
                        "title": "Watch Out For A Set Of Women And A Drink",
                        "type": "cannon"
                    },
                    {
                        "episode_number": 182,
                        "title": "Screw Popularity Polls",
                        "type": "cannon"
                    },
                    {
                        "episode_number": 183,
                        "title": "Popularity Polls Can Burn In Hell",
                        "type": "cannon"
                    },
                    {
                        "episode_number": 184,
                        "title": "Popularity Polls Can...",
                        "type": "cannon"
                    },
                    {
                        "episode_number": 185,
                        "title": "Hometowns And Boobs Are Best Thought From Afar",
                        "type": "filler"
                    },
                    {
                        "episode_number": 186,
                        "title": "Beware Of Foreshadows",
                        "type": "cannon"
                    },
                    {
                        "episode_number": 187,
                        "title": "It's Goodbye Once A Flag Is Set",
                        "type": "cannon"
                    },
                    {
                        "episode_number": 188,
                        "title": "An Observation Journal Should Be Seen Through To The Very End",
                        "type": "cannon"
                    },
                    {
                        "episode_number": 189,
                        "title": "That's How The End Of The Year Goes",
                        "type": "filler"
                    },
                    {
                        "episode_number": 190,
                        "title": "When Looking For Something, Try Using Its Perspective",
                        "type": "cannon"
                    },
                    {
                        "episode_number": 191,
                        "title": "Freedom Means To Live True To Yourself, Not Without Law!",
                        "type": "cannon"
                    },
                    {
                        "episode_number": 192,
                        "title": "Kabukicho Stray Cat Blues",
                        "type": "cannon"
                    },
                    {
                        "episode_number": 193,
                        "title": "Cooking Is About Guts",
                        "type": "cannon"
                    },
                    {
                        "episode_number": 194,
                        "title": "Whenever I Hear Leviathan, I Think Of Sazae-san. Stupid Me!!",
                        "type": "cannon"
                    },
                    {
                        "episode_number": 195,
                        "title": "Not Losing To The Rain",
                        "type": "cannon"
                    },
                    {
                        "episode_number": 196,
                        "title": "Not Losing To The Wind",
                        "type": "cannon"
                    },
                    {
                        "episode_number": 197,
                        "title": "Not Losing To The Storm",
                        "type": "cannon"
                    },
                    {
                        "episode_number": 198,
                        "title": "Never Losing That Smile",
                        "type": "cannon"
                    },
                    {
                        "episode_number": 199,
                        "title": "That's How I Wish To Be, Beautiful And Strong",
                        "type": "cannon"
                    },
                    {
                        "episode_number": 200,
                        "title": "Santa Claus Red Is Blood Red",
                        "type": "cannon"
                    },
                    {
                        "episode_number": 201,
                        "title": "Everybody's A Santa",
                        "type": "cannon"
                    },
                    {
                        "episode_number": 202,
                        "title": "Everyone Looks a Little Grown Up After Spring Break",
                        "type": "cannon"
                    },
                    {
                        "episode_number": 203,
                        "title": "Everyone Looks Pretty Grown up after Summer Break",
                        "type": "cannon"
                    },
                    {
                        "episode_number": 204,
                        "title": "Use a Calligraphy Pen for New Year's Cards",
                        "type": "cannon"
                    },
                    {
                        "episode_number": 205,
                        "title": "Meals Should Be Balanced",
                        "type": "cannon"
                    },
                    {
                        "episode_number": 206,
                        "title": "It's Too Confusing When Talking about the Poster Girl for a Poster Store, So Call Her a Sandwich Board",
                        "type": "cannon"
                    },
                    {
                        "episode_number": 207,
                        "title": "Glasses Are Part of the Soul",
                        "type": "cannon"
                    },
                    {
                        "episode_number": 208,
                        "title": "Glasses Prevent You from Seeing Certain Things",
                        "type": "cannon"
                    },
                    {
                        "episode_number": 209,
                        "title": "Nothing Lasts Forever, including Parents, Money, Youth, Your Room, Dress Shirts, Me, You, and the Gintama Anime",
                        "type": "filler"
                    },
                    {
                        "episode_number": 210,
                        "title": "A Lawless Town Tends to Attract a Bunch of Whoohooey Folk",
                        "type": "cannon"
                    },
                    {
                        "episode_number": 211,
                        "title": "Ghosts Aren't the Only Ones Who Run Wild around Graveyards",
                        "type": "cannon"
                    },
                    {
                        "episode_number": 212,
                        "title": "Chains of a Warrior",
                        "type": "cannon"
                    },
                    {
                        "episode_number": 213,
                        "title": "Iron Town",
                        "type": "cannon"
                    },
                    {
                        "episode_number": 214,
                        "title": "Tis an Honor!",
                        "type": "cannon"
                    },
                    {
                        "episode_number": 215,
                        "title": "Odds or Evens",
                        "type": "cannon"
                    },
                    {
                        "episode_number": 216,
                        "title": "I Can't Remember a Damn Thing about the Factory Tour",
                        "type": "cannon"
                    },
                    {
                        "episode_number": 217,
                        "title": "What Happens Twice Can Happen Thrice",
                        "type": "cannon"
                    },
                    {
                        "episode_number": 218,
                        "title": "The Claws of a Crab Can Snip through a Friendship",
                        "type": "cannon"
                    },
                    {
                        "episode_number": 219,
                        "title": "People Forget to Return Stuff All the Time without Even Realizing It",
                        "type": "cannon"
                    },
                    {
                        "episode_number": 220,
                        "title": "The Bathhouse, Where You're Naked in Body and Soul",
                        "type": "cannon"
                    },
                    {
                        "episode_number": 221,
                        "title": "Jugem",
                        "type": "cannon"
                    },
                    {
                        "episode_number": 222,
                        "title": "The Name Reveals the Person",
                        "type": "cannon"
                    },
                    {
                        "episode_number": 223,
                        "title": "The Man's Household Situation Is Hard, His Heart Is Soft",
                        "type": "cannon"
                    },
                    {
                        "episode_number": 224,
                        "title": "Blue and Red Ecstasy",
                        "type": "cannon"
                    },
                    {
                        "episode_number": 225,
                        "title": "So in the second season of Prison Break, they've already broken out of prison, but the name works once you realize that society is a prison",
                        "type": "cannon"
                    },
                    {
                        "episode_number": 226,
                        "title": "Everybody Loves Pajamas",
                        "type": "cannon"
                    },
                    {
                        "episode_number": 227,
                        "title": "Speaking of Crossovers, Don't Forget about Alien vs. Predator",
                        "type": "cannon"
                    },
                    {
                        "episode_number": 228,
                        "title": "Love Is Neither plus Nor Minus",
                        "type": "cannon"
                    },
                    {
                        "episode_number": 229,
                        "title": "Making It through Love",
                        "type": "cannon"
                    },
                    {
                        "episode_number": 230,
                        "title": "It Would Take Too Much Effort to Make This Title Sound like a Text Message Subject",
                        "type": "cannon"
                    },
                    {
                        "episode_number": 231,
                        "title": "When You Go to a Funeral for the First Time, You're Surprised by How Happy the People Are",
                        "type": "cannon"
                    },
                    {
                        "episode_number": 232,
                        "title": "The People You Tend to Forget Tend to Show up after You Forget Them",
                        "type": "cannon"
                    },
                    {
                        "episode_number": 233,
                        "title": "Space Ururun Homestay",
                        "type": "cannon"
                    },
                    {
                        "episode_number": 234,
                        "title": "Piggy Banks and Trash Cans",
                        "type": "cannon"
                    },
                    {
                        "episode_number": 235,
                        "title": "Empty Planet",
                        "type": "cannon"
                    },
                    {
                        "episode_number": 236,
                        "title": "Don't Say Goodbye Lionel",
                        "type": "cannon"
                    },
                    {
                        "episode_number": 237,
                        "title": "Please Take Me Skiing",
                        "type": "cannon"
                    },
                    {
                        "episode_number": 238,
                        "title": "A Vacation in Disorientation",
                        "type": "cannon"
                    },
                    {
                        "episode_number": 239,
                        "title": "There Are a Few Things You're Not Supposed to Forget",
                        "type": "cannon"
                    },
                    {
                        "episode_number": 240,
                        "title": "People Can Only Live by Forgetting the Bad",
                        "type": "cannon"
                    },
                    {
                        "episode_number": 241,
                        "title": "We Are All Hosts, in Capital Letters",
                        "type": "cannon"
                    },
                    {
                        "episode_number": 242,
                        "title": "Girls like Vegeta, Guys like Piccolo",
                        "type": "cannon"
                    },
                    {
                        "episode_number": 243,
                        "title": "Draw Your Life on the Canvas We Call Manga",
                        "type": "cannon"
                    },
                    {
                        "episode_number": 244,
                        "title": "Check It Out!!",
                        "type": "cannon"
                    },
                    {
                        "episode_number": 245,
                        "title": "Thorny and Rosy",
                        "type": "cannon"
                    },
                    {
                        "episode_number": 246,
                        "title": "Festival of Thornies",
                        "type": "cannon"
                    },
                    {
                        "episode_number": 247,
                        "title": "Letter from Thorny",
                        "type": "cannon"
                    },
                    {
                        "episode_number": 248,
                        "title": "Madaodog Madaonaire",
                        "type": "cannon"
                    },
                    {
                        "episode_number": 249,
                        "title": "Presents Are Meant to Be Given Early",
                        "type": "cannon"
                    },
                    {
                        "episode_number": 250,
                        "title": "New Year's Envelopes Are Perfect for Dirty Jokes",
                        "type": "cannon"
                    },
                        {
                            "episode_number": 251,
                            "title": "When Sleeping under a Kotatsu, Make Sure You Don't Burn Your Balls",
                            "type": "cannon"
                        },
                        {
                            "episode_number": 252,
                            "title": "We're Sorry",
                            "type": "filler"
                        },
                        {
                            "episode_number": 253,
                            "title": "Nobody with Natural Straight Hair Can Be That Bad/Nobody with Straight Blond Hair Can Be That Good",
                            "type": "cannon"
                        },
                        {
                            "episode_number": 254,
                            "title": "Kintoki and Gintoki",
                            "type": "cannon"
                        },
                        {
                            "episode_number": 255,
                            "title": "Kin-san's Kintama",
                            "type": "cannon"
                        },
                        {
                            "episode_number": 256,
                            "title": "The Meaning of a Main Character",
                            "type": "cannon"
                        },
                        {
                            "episode_number": 257,
                            "title": "Courtesan Turns the Tables",
                            "type": "cannon"
                        },
                        {
                            "episode_number": 258,
                            "title": "Inside the Palace!!",
                            "type": "cannon"
                        },
                        {
                            "episode_number": 259,
                            "title": "Five Pinkies",
                            "type": "cannon"
                        },
                        {
                            "episode_number": 260,
                            "title": "Pinky Swear",
                            "type": "cannon"
                        },
                        {
                            "episode_number": 261,
                            "title": "Unsetting Moon",
                            "type": "cannon"
                        },
                        {
                            "episode_number": 262,
                            "title": "Sound Of Beam Can Pierce Heart Of Everyone",
                            "type": "cannon"
                        },
                        {
                            "episode_number": 263,
                            "title": "Two Brothers",
                            "type": "cannon"
                        },
                        {
                            "episode_number": 264,
                            "title": "Liquor and Gasoline, Smiles and Tears",
                            "type": "cannon"
                        },
                        {
                            "episode_number": 265,
                            "title": "Dog Food Doesn't Have As Much Flavor As You'd Think",
                            "type": "cannon"
                        },
                        {
                            "episode_number": 266,
                            "title": "You Can Never Pause at the Perfect Time",
                            "type": "cannon"
                        },
                        {
                            "episode_number": 267,
                            "title": "Even a Matsui Stick Can't Handle Some Kinds of Dirt",
                            "type": "cannon"
                        },
                        {
                            "episode_number": 268,
                            "title": "An Inspector's Love Begins with an Inspection",
                            "type": "cannon"
                        },
                        {
                            "episode_number": 269,
                            "title": "Forget Dates, Remember People and You Can Hide Your Porn Mags But You Can't Hide Your ***",
                            "type": "cannon"
                        },
                        {
                            "episode_number": 270,
                            "title": "A Mirror Provides a Frozen Reflection of Both Your Beautiful and Ugly Sides / Nobody Likes the Photo on Their License",
                            "type": "cannon"
                        },
                        {
                            "episode_number": 271,
                            "title": "Arriving Late to a Reunion Makes it Hard to Enter",
                            "type": "cannon"
                        },
                        {
                            "episode_number": 272,
                            "title": "A Reunion Also Brings to the Surface Things You Don't Want to Remember",
                            "type": "cannon"
                        },
                        {
                            "episode_number": 273,
                            "title": "When Compared to Time in the Heavens, Fifty Years of Human Life Resembles Naught but Dreams and Lottery Tickets",
                            "type": "cannon"
                        },
                        {
                            "episode_number": 274,
                            "title": "Guys With Big Nostrils Also Have Big Imaginations / You Never Accept a New Sentai Series at the Start, But By the Final Episode, You Don't Want It to End",
                            "type": "cannon"
                        },
                        {
                            "episode_number": 275,
                            "title": "9 + 1 = Yagyu Jyubei",
                            "type": "cannon"
                        },
                        {
                            "episode_number": 276,
                            "title": "Calories Come Back to Bite You Just When You've Forgotten About Them",
                            "type": "cannon"
                        },
                        {
                            "episode_number": 277,
                            "title": "10-1=",
                            "type": "cannon"
                        },
                        {
                            "episode_number": 278,
                            "title": "All Mothers Pack Too Much Food Into a Lunch Box and Ruin the Shape",
                            "type": "cannon"
                        },
                        {
                            "episode_number": 279,
                            "title": "The Reaper by Day and the Reaper by Night",
                            "type": "cannon"
                        },
                        {
                            "episode_number": 280,
                            "title": "Human or Demon",
                            "type": "cannon"
                        },
                        {
                            "episode_number": 281,
                            "title": "Farewell, Reaper",
                            "type": "cannon"
                        },
                        {
                            "episode_number": 282,
                            "title": "A Phoenix Rises from the Ashes Over and Over",
                            "type": "cannon"
                        },
                        {
                            "episode_number": 283,
                            "title": "Amen",
                            "type": "cannon"
                        },
                        {
                            "episode_number": 284,
                            "title": "Being a Leader is Tough",
                            "type": "cannon"
                        },
                        {
                            "episode_number": 285,
                            "title": "Love is a Roach Motel",
                            "type": "cannon"
                        },
                        {
                            "episode_number": 286,
                            "title": "A Sizzle Summer",
                            "type": "cannon"
                        },
                        {
                            "episode_number": 287,
                            "title": "He's the Sweet Tooth, and I'm the Mayo Guy",
                            "type": "cannon"
                        },
                        {
                            "episode_number": 288,
                            "title": "I'm a Failure as a Leader and He's Also a Failure as a Leader",
                            "type": "cannon"
                        },
                        {
                            "episode_number": 289,
                            "title": "I'm Yorozuya and He's Shinsengumi",
                            "type": "cannon"
                        },
                        {
                            "episode_number": 290,
                            "title": "Always Leave Enough Room for 50 Million in Your Bag",
                            "type": "cannon"
                        },
                        {
                            "episode_number": 291,
                            "title": "Always Leave Enough Room for Pebbles in Your Bag Manga",
                            "type": "cannon"
                        },
                        {
                            "episode_number": 292,
                            "title": "Style Goes Out of Fashion the Moment It's Put Into Words / There Are Two Types of People In This World: Those Who Yell Out Their Attack Names, and Those Who Don't",
                            "type": "cannon"
                        },
                        {
                            "episode_number": 293,
                            "title": "The Two Apes",
                            "type": "cannon"
                        },
                        {
                            "episode_number": 294,
                            "title": "Afros of Life and Death",
                            "type": "cannon"
                        },
                        {
                            "episode_number": 295,
                            "title": "Afuro and Wolfro",
                            "type": "cannon"
                        },
                        {
                            "episode_number": 296,
                            "title": "Take the Initial Premise Lightly, and It'll Cost You",
                            "type": "cannon"
                        },
                        {
                            "episode_number": 297,
                            "title": "Keep Your Farewells Short",
                            "type": "cannon"
                        },
                        {
                            "episode_number": 298,
                            "title": "One Editor is Enough / The G-Pen Is Capricious, and the Maru Pen Is Stubborn",
                            "type": "cannon"
                        },
                        {
                            "episode_number": 299,
                            "title": "Strike When the Sword and Overlord are Hot / Oil Rain",
                            "type": "cannon"
                        },
                        {
                            "episode_number": 300,
                            "title": "Shogun Assassination Arc Part One: Shoguns of Light and Shadow",
                            "type": "cannon"
                        },
                        {
                            "episode_number": 301,
                            "title": "Shogun Assassination Arc Part Two: Ninja Village",
                            "type": "cannon"
                        },
                        {
                            "episode_number": 302,
                            "title": "Shogun Assassination Arc Part Three: Ninja Soul",
                            "type": "cannon"
                        },
                        {
                            "episode_number": 303,
                            "title": "Shogun Assassination Arc Part Four: And Then There Were Five",
                            "type": "cannon"
                        },
                        {
                            "episode_number": 304,
                            "title": "Shogun Assassination Arc Part Five: Those Who Protect Against All Odds",
                            "type": "cannon"
                        },
                        {
                            "episode_number": 305,
                            "title": "Shogun Assassination Arc Part Six: Sworn Enemy",
                            "type": "cannon"
                        },
                        {
                            "episode_number": 306,
                            "title": "Shogun Assassination Arc Part Seven: The Crows Caw After the Battle Ends",
                            "type": "cannon"
                        },
                        {
                            "episode_number": 307,
                            "title": "Shogun Assassination Arc Part Eight: Farewell, Buddy",
                            "type": "cannon"
                        },
                        {
                            "episode_number": 308,
                            "title": "Farewell Shinsengumi Arc Part One: The Day the Demon Cried",
                            "type": "cannon"
                        },
                        {
                            "episode_number": 309,
                            "title": "Farewell Shinsengumi Arc Part Two: Heroes Always Arrive Fashionably Late",
                            "type": "cannon"
                        },
                        {
                            "episode_number": 310,
                            "title": "Farewell Shinsengumi Arc Part Three: Lost and Found",
                            "type": "cannon"
                        },
                        {
                            "episode_number": 311,
                            "title": "Farewell Shinsengumi Arc Part Four: Prison Break",
                            "type": "cannon"
                        },
                        {
                            "episode_number": 312,
                            "title": "Farewell Shinsengumi Arc Part Five: Stray Dogs",
                            "type": "cannon"
                        },
                        {
                            "episode_number": 313,
                            "title": "Farewell Shinsengumi Arc Part Six: Undelivered Mail",
                            "type": "cannon"
                        },
                        {
                            "episode_number": 314,
                            "title": "Farewell Shinsengumi Arc Part Seven: Karma",
                            "type": "cannon"
                        },
                        {
                            "episode_number": 315,
                            "title": "Farewell Shinsengumi Arc Part Eight: Nobume",
                            "type": "cannon"
                        },
                        {
                            "episode_number": 316,
                            "title": "Farewell Shinsengumi Arc Part Nine: Farewell Shinsengumi",
                            "type": "cannon"
                        },
                        {
                            "episode_number": 317,
                            "title": "The Monster and the Monster's Child",
                            "type": "cannon"
                        },
                        {
                            "episode_number": 318,
                            "title": "Leave Letter",
                            "type": "cannon"
                        },
                        {
                            "episode_number": 319,
                            "title": "The Song of Samurai",
                            "type": "cannon"
                        },
                        {
                            "episode_number": 320,
                            "title": "Zura",
                            "type": "cannon"
                        },
                        {
                            "episode_number": 321,
                            "title": "The Two Fools",
                            "type": "cannon"
                        },
                        {
                            "episode_number": 322,
                            "title": "Ten Years",
                            "type": "cannon"
                        },
                        {
                            "episode_number": 323,
                            "title": "Paths",
                            "type": "cannon"
                        },
                        {
                            "episode_number": 324,
                            "title": "Master of Kouan",
                            "type": "cannon"
                        },
                        {
                            "episode_number": 325,
                            "title": "The Lost Rabbit",
                            "type": "cannon"
                        },
                        {
                            "episode_number": 326,
                            "title": "Siblings",
                            "type": "cannon"
                        },
                        {
                            "episode_number": 327,
                            "title": "First Student",
                            "type": "cannon"
                        },
                        {
                            "episode_number": 328,
                            "title": "Hope",
                            "type": "cannon"
                        },
                        {
                            "episode_number": 329,
                            "title": "The Stairs to Adulthood May Not Always Lead Up",
                            "type": "cannon"
                        },
                        {
                            "episode_number": 330,
                            "title": "My Bald Dad, My Light-Haired Dad, and My Dad's Glasses",
                            "type": "cannon"
                        },
                        {
                            "episode_number": 331,
                            "title": "A Bowl of Ramen",
                            "type": "cannon"
                        },
                        {
                            "episode_number": 332,
                            "title": "A Family",
                            "type": "cannon"
                        },
                        {
                            "episode_number": 333,
                            "title": "Life, Death and Shades / All the Answers Can Be Found in the Field",
                            "type": "cannon"
                        },
                        {
                            "episode_number": 334,
                            "title": "3000 Leagues in Search of a Scabbard",
                            "type": "cannon"
                        },
                        {
                            "episode_number": 335,
                            "title": "The Super Sadist and the Super Sadist",
                            "type": "cannon"
                        },
                        {
                            "episode_number": 336,
                            "title": "The Sharpest Sword and the Dullest Sword",
                            "type": "cannon"
                        },
                        {
                            "episode_number": 337,
                            "title": "Wash Your Hands Before a Handshake",
                            "type": "cannon"
                        },
                        {
                            "episode_number": 338,
                            "title": "Diamonds are Unscratchable",
                            "type": "cannon"
                        },
                        {
                            "episode_number": 339,
                            "title": "An Idol's Badge of Honor",
                            "type": "cannon"
                        },
                        {
                            "episode_number": 340,
                            "title": "The Line Between Godlike Games and Crappy Games is Paper-Thin / Glasses are a Part of the Soul",
                            "type": "cannon"
                        },
                        {
                            "episode_number": 341,
                            "title": "Guardian Spirit are Also a Part of the Soul",
                            "type": "cannon"
                        },
                        {
                            "episode_number": 342,
                            "title": "Try As You Might to Make a Natural Perm Go Away, It Will Alwasy Return",
                            "type": "cannon"
                        },
                        {
                            "episode_number": 343,
                            "title": "Flavoring is Best in Small Quantities",
                            "type": "cannon"
                        },
                        {
                            "episode_number": 344,
                            "title": "A Delinquent's Kid Has Long Neck Hair",
                            "type": "cannon"
                        },
                        {
                            "episode_number": 345,
                            "title": "The Line Between Tenacious and Annoying Is Paper-Thin",
                            "type": "cannon"
                        },
                        {
                            "episode_number": 346,
                            "title": "Geezers Carve the Things They Shouldn't Forget into Their Wrinkles",
                            "type": "cannon"
                        },
                        {
                            "episode_number": 347,
                            "title": "Machine that Pick Up Useless Habits are Called People",
                            "type": "cannon"
                        },
                        {
                            "episode_number": 348,
                            "title": "Men Must Live Not Long Nor Thick, but Hard",
                            "type": "cannon"
                        },
                        {
                            "episode_number": 349,
                            "title": "Ogres Are Weak Against Tiny Heroes Like the Inch-High Samurai",
                            "type": "cannon"
                        },
                        {
                            "episode_number": 350,
                            "title": "Bragging About Your Own Heroic Deeds Will Make People Hate You, so Make Others Do It For You",
                            "type": "cannon"
                        },
                        {
                            "episode_number": 351,
                            "title": "Jump and Power Creep Go Hand-in-Hand",
                            "type": "cannon"
                    },
                    {
                            "episode_number": 352,
                            "title": "Peace and Destruction are Two Sides of the Same Coin",
                            "type": "cannon"
                    },
                    {
                            "episode_number": 353,
                            "title": "Bushido is Found One Second Before Death",
                            "type": "cannon"
                    },
                    {
                            "episode_number": 354,
                            "title": "The Evildoers Who Do Good",
                            "type": "cannon"
                    },
                    {
                            "episode_number": 355,
                            "title": "Rabbits Leap Higher on Moonlit Nights",
                            "type": "cannon"
                    },
                    {
                            "episode_number": 356,
                            "title": "Making a Dull World Interesting",
                            "type": "cannon"
                    },
                    {
                            "episode_number": 357,
                            "title": "Do Something Uncharacteristic, and Something Uncharacteristic Will Happen",
                            "type": "cannon"
                    },
                    {
                            "episode_number": 358,
                            "title": "Countless Kings",
                            "type": "cannon"
                    },
                    {
                            "episode_number": 359,
                            "title": "The Unemployed Cannot Be Stained By Anything",
                            "type": "cannon"
                    },
                    {
                            "episode_number": 360,
                            "title": "Always Hold On to Your Trump Cards",
                            "type": "cannon"
                    },
                    {
                            "episode_number": 361,
                            "title": "The Creatures Known as Humanity",
                            "type": "cannon"
                    },
                    {
                            "episode_number": 362,
                            "title": "Sign",
                            "type": "cannon"
                    },
                    {
                            "episode_number": 363,
                            "title": "Specter",
                            "type": "cannon"
                    },
                    {
                            "episode_number": 364,
                            "title": "Two in Girl Years Is Equal to Ten in Man Years",
                            "type": "cannon"
                    },
                    {
                            "episode_number": 365,
                            "title": "Salvation",
                            "type": "cannon"
                    },
                    {
                            "episode_number": 366,
                            "title": "Dun Dun",
                            "type": "cannon"
                    },
                    {
                            "episode_number": 367,
                            "title": "There Are Lines Even Villains Can't Cross",
                            "type": "cannon"
                    },
                    {
                            "episode_number": 368,
                            "title": "Don't Spread the Wrapping Cloth Without Thinking Ahead",
                            "type": "cannon"
                    },
                    {
                            "episode_number": 369,
                            "title": "Don't Make Up Your Mind Right Before The Important Decision",
                            "type": "cannon"
                    }
                    


        ]

}