{
    "anime_id": 21,
    "anime_name": "Hunter X Hunter",
    "total_episodes": 148,
    "genres": "Adventure",
    "episodes": [
        {
            "episode_number": 1,
            "title": "Departure & And & Friends",
            "type": "cannon"
    },
    {
            "episode_number": 2,
            "title": "Test & Of & Tests",
            "type": "cannon"
    },
    {
            "episode_number": 3,
            "title": "Rivals & For & Survival",
            "type": "cannon"
    },
    {
            "episode_number": 4,
            "title": "Hope & And & Ambition",
            "type": "cannon"
    },
    {
            "episode_number": 5,
            "title": "Hisoka & Is So & Sneaky",
            "type": "cannon"
    },
    {
            "episode_number": 6,
            "title": "An & Unexpected & Task",
            "type": "cannon"
    },
    {
            "episode_number": 7,
            "title": "Showdown & On The & Airship",
            "type": "cannon"
    },
    {
            "episode_number": 8,
            "title": "Decision & By & Majority?",
            "type": "cannon"
    },
    {
            "episode_number": 9,
            "title": "Beware & Of & Prisoners",
            "type": "cannon"
    },
    {
            "episode_number": 10,
            "title": "Trick & To The & Trick",
            "type": "cannon"
    },
    {
            "episode_number": 11,
            "title": "Trouble & With The & Gamble",
            "type": "cannon"
    },
    {
            "episode_number": 12,
            "title": "Last & Test Of & Resolve!",
            "type": "cannon"
    },
    {
            "episode_number": 13,
            "title": "Letter & From & Gon",
            "type": "filler"
    },
    {
            "episode_number": 14,
            "title": "Hit & The & Target",
            "type": "cannon"
    },
    {
            "episode_number": 15,
            "title": "Explosion & Of & Deception",
            "type": "cannon"
    },
    {
            "episode_number": 16,
            "title": "Defeat & And & Disgrace",
            "type": "cannon"
    },
    {
            "episode_number": 17,
            "title": "Trap & In The & Hole",
            "type": "cannon"
    },
    {
            "episode_number": 18,
            "title": "Big & Time & Interview",
            "type": "cannon"
    },
    {
            "episode_number": 19,
            "title": "Can't Win & And & Can't Lose",
            "type": "cannon"
    },
    {
            "episode_number": 20,
            "title": "Baffling & Turn Of & Events",
            "type": "cannon"
    },
    {
            "episode_number": 21,
            "title": "Some & Brother & Trouble",
            "type": "cannon"
    },
    {
            "episode_number": 22,
            "title": "A & Dangerous & Watchdog",
            "type": "cannon"
    },
    {
            "episode_number": 23,
            "title": "The & Guard's & Duty",
            "type": "cannon"
    },
    {
            "episode_number": 24,
            "title": "The & Zoldyck & Family",
            "type": "cannon"
    },
    {
            "episode_number": 25,
            "title": "Can't See & If & You're Blind",
            "type": "cannon"
    },
    {
            "episode_number": 26,
            "title": "Then & And & After",
            "type": "cannon"
    },
    {
            "episode_number": 27,
            "title": "Arrival & At & The Arena",
            "type": "cannon"
    },
    {
            "episode_number": 28,
            "title": "Nen & And & Nen",
            "type": "cannon"
    },
    {
            "episode_number": 29,
            "title": "Awakening & And & Potential",
            "type": "cannon"
    },
    {
            "episode_number": 30,
            "title": "Fierce & And & Ferocious",
            "type": "cannon"
    },
    {
            "episode_number": 31,
            "title": "Destiny & And & Tenacity",
            "type": "cannon"
    },
    {
            "episode_number": 32,
            "title": "A & Surprising & Win",
            "type": "cannon"
    },
    {
            "episode_number": 33,
            "title": "An & Empty & Threat",
            "type": "cannon"
    },
    {
            "episode_number": 34,
            "title": "Power & To & Avenge",
            "type": "cannon"
    },
    {
            "episode_number": 35,
            "title": "The & True & Pass",
            "type": "cannon"
    },
    {
            "episode_number": 36,
            "title": "A Big Debt & And & A Small Kick",
            "type": "cannon"
    },
    {
            "episode_number": 37,
            "title": "Ging & And & Gon",
            "type": "cannon"
    },
    {
            "episode_number": 38,
            "title": "Reply & From & Dad",
            "type": "cannon"
    },
    {
            "episode_number": 39,
            "title": "Wish & And & Promise",
            "type": "cannon"
    },
    {
            "episode_number": 40,
            "title": "Nen & Users & Unite?",
            "type": "cannon"
    },
    {
            "episode_number": 41,
            "title": "Gathering & Of & Heroes",
            "type": "cannon"
    },
    {
            "episode_number": 42,
            "title": "Defend & And & Attack",
            "type": "cannon"
    },
    {
            "episode_number": 43,
            "title": "A & Shocking & Tragedy",
            "type": "cannon"
    },
    {
            "episode_number": 44,
            "title": "Buildup & To A & Fierce Battle",
            "type": "cannon"
    },
    {
            "episode_number": 45,
            "title": "Restraint & And & Vow",
            "type": "cannon"
    },
    {
            "episode_number": 46,
            "title": "Chasing & And & Waiting",
            "type": "cannon"
    },
    {
            "episode_number": 47,
            "title": "Condition & And & Condition",
            "type": "cannon"
    },
    {
            "episode_number": 48,
            "title": "Very & Sharp & Eye",
            "type": "cannon"
    },
    {
            "episode_number": 49,
            "title": "Pursuit & And & Analysis",
            "type": "cannon"
    },
    {
            "episode_number": 50,
            "title": "Ally & And & Sword",
            "type": "cannon"
    },
    {
            "episode_number": 51,
            "title": "A & Brutal & Battlefield",
            "type": "cannon"
    },
    {
            "episode_number": 52,
            "title": "Assault & And & Impact",
            "type": "cannon"
    },
    {
            "episode_number": 53,
            "title": "Fake & And & Psyche",
            "type": "cannon"
    },
    {
            "episode_number": 54,
            "title": "Fortunes & Aren't & Right?",
            "type": "cannon"
    },
    {
            "episode_number": 55,
            "title": "Allies & And & Lies",
            "type": "cannon"
    },
    {
            "episode_number": 56,
            "title": "Beloved & And & Beleaguered",
            "type": "cannon"
    },
    {
            "episode_number": 57,
            "title": "Initiative & And & Law",
            "type": "cannon"
    },
    {
            "episode_number": 58,
            "title": "Signal & To & Retreat",
            "type": "cannon"
    },
    {
            "episode_number": 59,
            "title": "Bid & And & Haste",
            "type": "cannon"
    },
    {
            "episode_number": 60,
            "title": "End & And & Beginning",
            "type": "cannon"
    },
    {
            "episode_number": 61,
            "title": "Invitation & And & Friend",
            "type": "cannon"
    },
    {
            "episode_number": 62,
            "title": "Reality? & And & Raw",
            "type": "cannon"
    },
    {
            "episode_number": 63,
            "title": "A & Hard & Master?",
            "type": "cannon"
    },
    {
            "episode_number": 64,
            "title": "Strengthen & And & Threaten",
            "type": "cannon"
    },
    {
            "episode_number": 65,
            "title": "Evil Fist & And & Rock-Paper-Scissors",
            "type": "cannon"
    },
    {
            "episode_number": 66,
            "title": "Strategy & And & Scheme",
            "type": "cannon"
    },
    {
            "episode_number": 67,
            "title": "15 & 15",
            "type": "cannon"
    },
    {
            "episode_number": 68,
            "title": "Pirates & And & Guesses",
            "type": "cannon"
    },
    {
            "episode_number": 69,
            "title": "A & Heated & Showdown",
            "type": "cannon"
    },
    {
            "episode_number": 70,
            "title": "Guts & And & Courage",
            "type": "cannon"
    },
    {
            "episode_number": 71,
            "title": "Bargain & And & Deal",
            "type": "cannon"
    },
    {
            "episode_number": 72,
            "title": "Chase & And & Chance",
            "type": "cannon"
    },
    {
            "episode_number": 73,
            "title": "Insanity & And & Sanity",
            "type": "cannon"
    },
    {
            "episode_number": 74,
            "title": "Victor & And & Loser",
            "type": "cannon"
    },
    {
            "episode_number": 75,
            "title": "Ging's Friends & And & True Friends",
            "type": "cannon"
    },
    {
            "episode_number": 76,
            "title": "Reunion & And & Understanding",
            "type": "cannon"
    },
    {
            "episode_number": 77,
            "title": "Unease & And & Sighting",
            "type": "cannon"
    },
    {
            "episode_number": 78,
            "title": "Very & Rapid & Reproduction",
            "type": "cannon"
    },
    {
            "episode_number": 79,
            "title": "No & Good & NGL",
            "type": "cannon"
    },
    {
            "episode_number": 80,
            "title": "Evil & And & Terrible",
            "type": "cannon"
    },
    {
            "episode_number": 81,
            "title": "The & Fight & Begins",
            "type": "cannon"
    },
    {
            "episode_number": 82,
            "title": "Kite & And & Slots",
            "type": "cannon"
    },
    {
            "episode_number": 83,
            "title": "Inspiration & To & Evolve",
            "type": "cannon"
    },
    {
            "episode_number": 84,
            "title": "A & Fated & Awakening",
            "type": "cannon"
    },
    {
            "episode_number": 85,
            "title": "Light & And & Shadow",
            "type": "cannon"
    },
    {
            "episode_number": 86,
            "title": "Promise & And & Reunion",
            "type": "cannon"
    },
    {
            "episode_number": 87,
            "title": "Duel & And & Escape",
            "type": "cannon"
    },
    {
            "episode_number": 88,
            "title": "Rock-Paper-Scissors & And & Weakness",
            "type": "cannon"
    },
    {
            "episode_number": 89,
            "title": "Compassion & And & Strength",
            "type": "cannon"
    },
    {
            "episode_number": 90,
            "title": "Slow & And & Cursed",
            "type": "cannon"
    },
    {
            "episode_number": 91,
            "title": "The Strong & And & The Weak",
            "type": "cannon"
    },
    {
            "episode_number": 92,
            "title": "One Wish & And & Two Promises",
            "type": "cannon"
    },
    {
            "episode_number": 93,
            "title": "Date & With & Palm",
            "type": "cannon"
    },
    {
            "episode_number": 94,
            "title": "Friend & And & Journey",
            "type": "cannon"
    },
    {
            "episode_number": 95,
            "title": "Grudge & And & Dread",
            "type": "cannon"
    },
    {
            "episode_number": 96,
            "title": "A & Lawless & Home",
            "type": "cannon"
    },
    {
            "episode_number": 97,
            "title": "Carnage & And & Devastation",
            "type": "cannon"
    },
    {
            "episode_number": 98,
            "title": "Infiltration & And & Selection",
            "type": "cannon"
    },
    {
            "episode_number": 99,
            "title": "Combination & And & Evolution",
            "type": "cannon"
    },
    {
            "episode_number": 100,
            "title": "Tracking & And & Pursuit",
            "type": "cannon"
    },
    {
            "episode_number": 101,
            "title": "Ikalgo & And & Lightning",
            "type": "cannon"
    },
    {
            "episode_number": 102,
            "title": "Power & And & Games",
            "type": "cannon"
    },
    {
            "episode_number": 103,
            "title": "Check & And & Mate",
            "type": "cannon"
    },
    {
            "episode_number": 104,
            "title": "Doubt & And & Hesitation",
            "type": "cannon"
    },
    {
            "episode_number": 105,
            "title": "Resolve & And & Awakening",
            "type": "cannon"
    },
    {
            "episode_number": 106,
            "title": "Knov & And & Morel",
            "type": "cannon"
    },
    {
            "episode_number": 107,
            "title": "Return & And & Retire",
            "type": "cannon"
    },
    {
            "episode_number": 108,
            "title": "Gungi & Of & Komugi",
            "type": "cannon"
    },
    {
            "episode_number": 109,
            "title": "Taking Stock & And & Taking Action",
            "type": "cannon"
    },
    {
            "episode_number": 110,
            "title": "Confusion & And & Expectation",
            "type": "cannon"
    },
    {
            "episode_number": 111,
            "title": "Charge & And & Invade",
            "type": "cannon"
    },
    {
            "episode_number": 112,
            "title": "Monster & And & Monster",
            "type": "cannon"
    },
    {
            "episode_number": 113,
            "title": "An & Indebted & Insect",
            "type": "cannon"
    },
    {
            "episode_number": 114,
            "title": "Divide & And & Conquer",
            "type": "cannon"
    },
    {
            "episode_number": 115,
            "title": "Duty & And & Question",
            "type": "cannon"
    },
    {
            "episode_number": 116,
            "title": "Revenge & And & Recovery",
            "type": "cannon"
    },
    {
            "episode_number": 117,
            "title": "Insult & And & Payback",
            "type": "cannon"
    },
    {
            "episode_number": 118,
            "title": "A & False & Rage",
            "type": "cannon"
    },
    {
            "episode_number": 119,
            "title": "Strong & Or & Weak",
            "type": "cannon"
    },
    {
            "episode_number": 120,
            "title": "Fake & And & Real",
            "type": "cannon"
    },
    {
            "episode_number": 121,
            "title": "Defeat & And & Dignity",
            "type": "cannon"
    },
    {
            "episode_number": 122,
            "title": "Pose & And & Name",
            "type": "cannon"
    },
    {
            "episode_number": 123,
            "title": "Centipede & And & Memory",
            "type": "cannon"
    },
    {
            "episode_number": 124,
            "title": "Breakdown & And & Awakening",
            "type": "cannon"
    },
    {
            "episode_number": 125,
            "title": "Great Power & And & Ultimate Power",
            "type": "cannon"
    },
    {
            "episode_number": 126,
            "title": "Zero & And & Rose",
            "type": "cannon"
    },
    {
            "episode_number": 127,
            "title": "Hostility & And & Determination",
            "type": "cannon"
    },
    {
            "episode_number": 128,
            "title": "Unparalleled Joy & And & Unconditional Love",
            "type": "cannon"
    },
    {
            "episode_number": 129,
            "title": "Formidable Enemy & And & Clear Objective",
            "type": "cannon"
    },
    {
            "episode_number": 130,
            "title": "Magic & To & Destroy",
            "type": "cannon"
    },
    {
            "episode_number": 131,
            "title": "Anger & And & Light",
            "type": "cannon"
    },
    {
            "episode_number": 132,
            "title": "Flash & And & Start",
            "type": "cannon"
    },
    {
            "episode_number": 133,
            "title": "Deadline & To & Live",
            "type": "cannon"
    },
    {
            "episode_number": 134,
            "title": "The Word & Is & You",
            "type": "cannon"
    },
    {
            "episode_number": 135,
            "title": "This Day & And & This Moment",
            "type": "cannon"
    },
    {
            "episode_number": 136,
            "title": "Homecoming & And & Real Name",
            "type": "cannon"
    },
    {
            "episode_number": 137,
            "title": "Debate & Among & Zodiacs",
            "type": "cannon"
    },
    {
            "episode_number": 138,
            "title": "Request & And & Wish",
            "type": "cannon"
    },
    {
            "episode_number": 139,
            "title": "Alluka & And & Something",
            "type": "cannon"
    },
    {
            "episode_number": 140,
            "title": "Join Battle & And & Open Battle",
            "type": "cannon"
    },
    {
            "episode_number": 141,
            "title": "Magician & And & Butler",
            "type": "cannon"
    },
    {
            "episode_number": 142,
            "title": "Needle & And & Debt",
            "type": "cannon"
    },
    {
            "episode_number": 143,
            "title": "Sin & And & Claw",
            "type": "cannon"
    },
    {
            "episode_number": 144,
            "title": "Approval & And & Coalition",
            "type": "cannon"
    },
    {
            "episode_number": 145,
            "title": "Defeat & And & Reunion",
            "type": "cannon"
    },
    {
            "episode_number": 146,
            "title": "Chairman & And & Release",
            "type": "cannon"
    },
    {
            "episode_number": 147,
            "title": "Salvation & And & Future",
            "type": "cannon"
    },
    {
            "episode_number": 148,
            "title": "Past & And & Future",
            "type": "cannon"
    }


    ]
}