{
    "anime_id": 26,
    "anime_name": "Kaguya Sama Love is War",
    "genres": "Comedy",
    "total_episodes": 41,
    "episodes": [
        {
            "episode_number": 1,
            "title": "I Want to Make You Invite Me to a Movie / Kaguya Wants You to Stop Her / Kaguya Wants You to Offer Her Food",
            "type": "cannon"
    },
    {
            "episode_number": 2,
            "title": "Kaguya Wants to Exchange Contact Info / Fujiwara Wants to Go Out / Shirogane Miyuki Wants to Hide It",
            "type": "cannon"
    },
    {
            "episode_number": 3,
            "title": "Shirogane Miyuki Still Hasn't Done It / Kaguya Wants Him to Guess Right / Kaguya Wants to Walk",
            "type": "cannon"
    },
    {
            "episode_number": 4,
            "title": "Kaguya Wants Affection / The Student Council Wants To Make Each Other Say It / Kaguya Wants To Make Him Send It / Shirogane Miyuki Wants To Speak",
            "type": "cannon"
    },
    {
            "episode_number": 5,
            "title": "Kaguya Wants to Handle It / Miyuki Shirogane Wants to Show Off / Kaguya Wants to Be Covered",
            "type": "cannon"
    },
    {
            "episode_number": 6,
            "title": "Yu Ishigami Wants to Live / Chika Fujiwara Wants to Test You / Kaguya Wants to Be Noticed",
            "type": "cannon"
    },
    {
            "episode_number": 7,
            "title": "Miyuki Shirogane Wants to Work / Kaguya Wants Him to Join In / Kaguya Wants to Control It",
            "type": "cannon"
    },
    {
            "episode_number": 8,
            "title": "Kaguya Wants Her to Say It / Miyuki Shirogane Can't Lose / Yu Ishigami Closes His Eyes",
            "type": "cannon"
    },
    {
            "episode_number": 9,
            "title": "Kaguya Wants to Give a Gift / Chika Fujiwara Wants to Pay a Visit / About Kaguya Shinomiya, Part 1",
            "type": "cannon"
    },
    {
            "episode_number": 10,
            "title": "Kaguya Won't Forgive / Kaguya Wants to Forgive / Miyuki Shirogane Wants to Go Somewhere",
            "type": "cannon"
    },
    {
            "episode_number": 11,
            "title": "Ai Hayasaka Wants to Get Soaked / Chika Fujiwara Really Wants to Eat It / Miyuki Shirogane Wants to See You / I Can't Hear the Fireworks, Part 1",
            "type": "cannon"
    },
    {
            "episode_number": 12,
            "title": "I Can't Hear the Fireworks, Part 2 / Kaguya Doesn't Want to Avoid Him",
            "type": "cannon"
    },
    {
            "episode_number": 13,
            "title": "Ai Hayasaka Wants to Stave Them Off / The Student Council Has Not Achieved Nirvana / Kaguya Wants to Get Married / Kaguya Wants to Celebrate",
            "type": "cannon"
    },
    {
            "episode_number": 14,
            "title": "Kaguya Wants to Know / Kaguya Wants to Give a Gift / Chika Fujiwara Wants to Confirm It",
            "type": "cannon"
    },
    {
            "episode_number": 15,
            "title": "Miyuki Shirogane Wants to Gaze at the Moon / The 67th Student Council / Kaguya Doesn't Want to Say It",
            "type": "cannon"
    },
    {
            "episode_number": 16,
            "title": "Ai Hayasaka Wants Him to Fall for Her / Kaguya Wants to Be Confessed To / Kaguya Wants to Be Confessed To",
            "type": "cannon"
    },
    {
            "episode_number": 17,
            "title": "Miyuki Shirogane Wants Girls to Fall for Him / Nagisa Kashiwagi Wants to Console / Miyuki Shirogane Wants to Sing / Kaguya Wants to Kick Them Down",
            "type": "cannon"
    },
    {
            "episode_number": 18,
            "title": "I Don't Want to Make Miko Iino Smile / I Want to Make Miko Iino Smile / Kaguya Isn't Getting Called",
            "type": "cannon"
    },
    {
            "episode_number": 19,
            "title": "Kaguya Wants to Undress Him / Kaguya Wants to Make Him Let Go / Kaguya ♡ Aquarium/ Miyuki Shirogane Wants to Make Her Read /",
            "type": "cannon"
    },
    {
            "episode_number": 20,
            "title": "Miko Iino Wants to Control Herself / Kaguya Doesn't Scare Easily / Kaguya Wants to Be Examined",
            "type": "cannon"
    },
    {
            "episode_number": 21,
            "title": "Yu Ishigami Closes His Eyes, Part 2 / Kaguya Wants to Touch / Kaguya Doesn't Say No",
            "type": "cannon"
    },
    {
            "episode_number": 22,
            "title": "Kei Shirogane Can't Speak / Miyuki Shirogane Wants to Dance / Kobachi Osaragi Wants to Crack Down / Miyuki Shirogane's Dad Wants to Find Out",
            "type": "cannon"
    },
    {
            "episode_number": 23,
            "title": "Yu Ishigami Closes His Eyes, Part 3 / Miyuki Shirogane and Yu Ishigami / Kyoko Otomo Doesn't Realize",
            "type": "cannon"
    },
    {
            "episode_number": 24,
            "title": "The Student Council Would Like a Group Photo / The Student Council is Going to Get That Group Photo / Chika Fujiwara Wants to Inflate",
            "type": "cannon"
    },
    {
            "episode_number": 25,
            "title": "Miko Iino Wants to Be Soothed / Kaguya Doesn't Realize / Chika Fujiwara Wants to Battle",
            "type": "cannon"
    },
    {
            "episode_number": 26,
            "title": "Miyuki Shirogane Wants to Mediate / Kaguya Wants to Distract Him / Kaguya Preemptively Strikes",
            "type": "cannon"
    },
    {
            "episode_number": 27,
            "title": "Nagisa Kashiwagi Wants to Kill / Maki Shijo Wants to Take Action / Miyuki Shirogane Wants to Be Believed",
            "type": "cannon"
    },
    {
            "episode_number": 28,
            "title": "Kaguya Shinomiya's Impossible Demand: A Cowrie a Swallow Gave Birth To Part 1 / Yu Ishigami Wants to Prove Himself Worth / Chika Fujiwara Wants to Stay Over",
            "type": "cannon"
    },
    {
            "episode_number": 29,
            "title": "Chika Fujiwara Wants to Beat a Rhythm / Ai Hayasaka Wants to Talk / Maki Shijo Wants Some Help",
            "type": "cannon"
    },
    {
            "episode_number": 30,
            "title": "The Student Council Wants to Move Forward / Miyuki Shirogane Wants to Make Her Confess, Part 2 / Miyuki Shirogane Wants to Make Her Confess, Part 3",
            "type": "cannon"
    },
    {
            "episode_number": 31,
            "title": "Miko Iino Can't Love, Part 1 / Students Wish to Discuss the Culture Festival / Miyuki Shirogane Wants to Blow It Up",
            "type": "cannon"
    },
    {
            "episode_number": 32,
            "title": "Kei Shirogane Wants to Show Off / About Kaguya Shinomiya, Part 2 / Kaguya Wants to Confess",
            "type": "cannon"
    },
    {
            "episode_number": 33,
            "title": "Spring of First Year / Kaguya's Culture Festival / Yu Ishigami's Culture Festival",
            "type": "cannon"
    },
    {
            "episode_number": 34,
            "title": "Kozue Makihara Wants to Have Fun / Chika Fujiwara Wants to Unmask / Miyuki Shirogane's Culture Festival",
            "type": "cannon"
    },
    {
            "episode_number": 35,
            "title": "Miyuki Shirogane Wants to Make Her Confess, Part 4 / Tsubame Koyasu Wants to Say No / Miyuki Shirogane Wants to Make Her Confess, Part 5",
            "type": "cannon"
    },
    {
            "episode_number": 36,
            "title": "Kaguya Wants to Confess, Part 2 / Kaguya Wants to Confess, Part 3 / Dual Confessions, Part 1",
            "type": "cannon"
    },
    {
            "episode_number": 37,
            "title": "Dual Confessions, Part 2 / The Shuchiin Afterparty",
            "type": "cannon"
    },
    {
            "episode_number": 38,
            "title": "Miyuki Shirogane Wants to Talk Things Over / Miko Iino Wants to Talk / About Kaguya Shinomiya, Part 3",
            "type": "cannon"
    },
    {
            "episode_number": 39,
            "title": "About Kaguya Shinomiya, Part 4 / Kaguya Wants to be Noticed (Ice) / Kaguya Wants to Forgive (Ice) /",
            "type": "cannon"
    },
    {
            "episode_number": 40,
            "title": "Kaguya Wants to Eat It (Ice) / Our Persona / Kaguya Wants to Confess (Ice)",
            "type": "cannon"
    },
    {
            "episode_number": 41,
            "title": "Kaguya is Fine With It",
            "type": "cannon"
    }
    ]
}