{
    "anime_id": 8,
    "anime_name": "March Comes in like a Lion",
    "genres": "Drama",
    "total_episodes": 44,
    "episodes": [
        {
            "episode_number": 1,
            "title": "The Town Along the River",
            "type": "cannon"
        },
        {
            "episode_number": 2,
            "title": "Beyond the Bridge",
            "type": "cannon"
        },
        {
            "episode_number": 3,
            "title": "Beyond the Night Sky",
            "type": "cannon"
        },
        {
            "episode_number": 4,
            "title": "Hina / V.S",
            "type": "cannon"
        },
        {
            "episode_number": 5,
            "title": "Over the Cuckoo's Nest",
            "type": "cannon"
        },
        {
            "episode_number": 6,
            "title": "Child of God (Part 1-3)",
            "type": "cannon"
        },
        {
            "episode_number": 7,
            "title": " Teach Me How to Play Shogi",
            "type": "cannon"
        },
        {
            "episode_number": 8,
            "title": " Distant Thunder",
            "type": "cannon"
        },
        {
            "episode_number": 9,
            "title": "Distant Thunder (Part 2) / Distant Thunder (Part 3)",
            "type": "cannon"
        },
        {
            "episode_number": 10,
            "title": "Something Given (Part 1) / Something Given (Part 2)",
            "type": "cannon"
        },
        {
            "episode_number": 11,
            "title": "The Old Year / The New Year",
            "type": "cannon"
        },
        {
            "episode_number": 12,
            "title": "What Lies on the Opposite Shore / Black River (Part 1)",
            "type": "cannon"
        },
        {
            "episode_number": 13,
            "title": "Black River (Part 2) / Beyond the Door",
            "type": "cannon"
        },
        {
            "episode_number": 14,
            "title": "Blinding Darkness / Just a Little Water",
            "type": "cannon"
        },
        {
            "episode_number": 15,
            "title": "Lump of Ego",
            "type": "cannon"
        },
        {
            "episode_number": 16,
            "title": "Running Through the Night / Middle of the Slope",
            "type": "cannon"
        },
        {
            "episode_number": 17,
            "title": "Silver Thread / Water's Surface / Base of the Blue Night",
            "type": "cannon"
        },
        {
            "episode_number": 18,
            "title": "Torrent / Passing Time",
            "type": "cannon"
        },
        {
            "episode_number": 19,
            "title": "Passing the Night / Kyoto (Part 1)",
            "type": "cannon"
        },
        {
            "episode_number": 20,
            "title": "Kyoto (Part 2) / Kyoto (Part 3)",
            "type": "cannon"
        },
        {
            "episode_number": 21,
            "title": "When the Cherry Blossoms Bloom / Small Murmur",
            "type": "cannon"
        },
        {
            "episode_number": 22,
            "title": "New School Term / Fighter",
            "type": "cannon"
        },
        {
            "episode_number": 23,
            "title": "Setting Sun",
            "type": "cannon"
        },
        {
            "episode_number": 24,
            "title": "Chaos",
            "type": "cannon"
        },
        {
            "episode_number": 25,
            "title": "June / Ladybug Bush (Part 1)",
            "type": "cannon"
        },
        {
            "episode_number": 26,
            "title": "Ladybug Bush (Part 2) / Ladybug Bush (Part 3) / Feelings",
            "type": "cannon"
        },
        {
            "episode_number": 27,
            "title": "Feelings (Continued) / Confession",
            "type": "cannon"
        },
        {
            "episode_number": 28,
            "title": "Small World / Letter",
            "type": "cannon"
        },
        {
            "episode_number": 29,
            "title": "Start of the Rainy Season / Hachiya",
            "type": "cannon"
        },
        {
            "episode_number": 30,
            "title": "Midday Moon / Adventurers",
            "type": "cannon"
        },
        {
            "episode_number": 31,
            "title": "Kingdom (Part 1) / Kingdom (Part 2)",
            "type": "cannon"
        },
        {
            "episode_number": 32,
            "title": "Silver Wing / River Scenery",
            "type": "cannon"
        },
        {
            "episode_number": 33,
            "title": "Where the Sun Shines / Small World",
            "type": "cannon"
        },
        {
            "episode_number": 34,
            "title": "Black Mist / Light",
            "type": "cannon"
        },
        {
            "episode_number": 35,
            "title": "Small Palm / In the Sun",
            "type": "cannon"
        },
        {
            "episode_number": 36,
            "title": "Flowing Away / White Storm (Part 1)",
            "type": "cannon"
        },
        {
            "episode_number": 37,
            "title": "White Storm (Part 2) / White Storm (Part 3) / White Storm (Part 4)",
            "type": "cannon"
        },
        {
            "episode_number": 38,
            "title": "White Storm (Part 5) / Restart",
            "type": "cannon"
        },
        {
            "episode_number": 39,
            "title": "Burnt Fields (Part 1) / Burnt Fields (Part 2)",
            "type": "cannon"
        },
        {
            "episode_number": 40,
            "title": "Burnt Fields (Part 3) / Burnt Fields (Part 4)",
            "type": "cannon"
        },
        {
            "episode_number": 41,
            "title": "Being Here / Summer Vacation (Part 1)",
            "type": "cannon"
        },
        {
            "episode_number": 42,
            "title": "Summer Vacation (Part 2) / New Year",
            "type": "cannon"
        },
        {
            "episode_number": 43,
            "title": "Passing Time / Spring Comes",
            "type": "cannon"
        },
        {
            "episode_number": 44,
            "title": "The Other House / Child of March Town",
            "type": "Mixed cannon/Filler"
        }

    ]

}