{
    "anime_id": 1,
    "anime_name": "Naruto",
    "total_episodes": 220,
    "genres": "Action",
    "episodes": [
        {
            "episode_number": 1,
            "title": "Enter: Naruto Uzumaki!",
            "type": "cannon"
        },
        {
            "episode_number": 2,
            "title": "My Name is Konohamaru!",
            "type": "cannon"
        },
        {
            "episode_number": 3,
            "title": "Sasuke and Sakura: Friends or Foes?",
            "type": "cannon"
        },
        {
            "episode_number": 4,
            "title": "Pass or Fail: Survival Test",
            "type": "cannon"
        },
        {
            "episode_number": 5,
            "title": "You Failed! Kakashi's Final Decision",
            "type": "cannon"
        },
        {
            "episode_number": 6,
            "title": "A Dangerous Mission! Journey to the Land of Waves!",
            "type": "cannon"
        },
        {
            "episode_number": 7,
            "title": "The Assassin of the Mist!",
            "type": "Mixed cannon/Filler"
        },
        {
            "episode_number": 8,
            "title": "The Oath of Pain",
            "type": "cannon"
        },
        {
            "episode_number": 9,
            "title": "Kakashi: Sharingan Warrior",
            "type": "Mixed cannon/Filler"
        },
        {
            "episode_number": 10,
            "title": "The Forest of Chakra",
            "type": "cannon"
        },
        {
            "episode_number": 11,
            "title": "The Land Where a Hero Once Lived",
            "type": "cannon"
        },
        {
            "episode_number": 12,
            "title": "Battle on the Bridge! Zabuza Returns!!",
            "type": "cannon"
        },
        {
            "episode_number": 13,
            "title": "Haku's Secret Jutsu: Crystal Ice Mirrors",
            "type": "cannon"
        },
        {
            "episode_number": 14,
            "title": "The Number One Hyperactive, Knucklehead Ninja Joins the Fight!!",
            "type": "Mixed cannon/Filler"
        },
        {
            "episode_number": 15,
            "title": "Zero Visibility: The Sharingan Shatters",
            "type": "Mixed cannon/Filler"
        },
        {
            "episode_number": 16,
            "title": "The Broken Seal",
            "type": "Mixed cannon/Filler"
        },
        {
            "episode_number": 17,
            "title": "White Past: Hidden Ambition",
            "type": "cannon"
        },
        {
            "episode_number": 18,
            "title": "The Weapons Known as Shinobi",
            "type": "Mixed cannon/Filler"
        },
        {
            "episode_number": 19,
            "title": "The Demon in the Snow",
            "type": "Mixed cannon/Filler"
        },
        {
            "episode_number": 20,
            "title": "A New Chapter Begins: The Chunin Exam!",
            "type": "Mixed cannon/Filler"
        },
        {
            "episode_number": 21,
            "title": "Identify Yourself: Powerful New Rivals",
            "type": "Mixed cannon/Filler"
        },
        {
            "episode_number": 22,
            "title": "Chunin Challenge: Rock Lee vs. Sasuke!",
            "type": "cannon"
        },
        {
            "episode_number": 23,
            "title": "Genin Takedown! All Nine Rookies Face Off!",
            "type": "Mixed cannon/Filler"
        },
        {
            "episode_number": 24,
            "title": "Start Your Engines: The Chunin Exam Begins!",
            "type": "Mixed cannon/Filler"
        },
        {
            "episode_number": 25,
            "title": "The Tenth Question: All or Nothing!",
            "type": "cannon"
        },
        {
            "episode_number": 26,
            "title": "Special Report: Live from the Forest of Death!",
            "type": "filler"
        },
        {
            "episode_number": 27,
            "title": "The Chunin Exam Stage 2: The Forest of Death",
            "type": "Mixed cannon/Filler"
        },
        {
            "episode_number": 28,
            "title": "Eat or be Eaten: Panic in the Forest",
            "type": "Mixed cannon/Filler"
        },
        {
            "episode_number": 29,
            "title": "Naruto's Counterattack: Never Give In!",
            "type": "Mixed cannon/Filler"
        },
        {
            "episode_number": 30,
            "title": "The Sharingan Revived: Dragon-Flame Jutsu!",
            "type": "Mixed cannon/Filler"
        },
        {
            "episode_number": 31,
            "title": "Bushy Brow's Pledge: Undying Love and Protection!",
            "type": "cannon"
        },
        {
            "episode_number": 32,
            "title": "Sakura Blossoms!",
            "type": "cannon"
        },
        {
            "episode_number": 33,
            "title": "Battle Formation: Ino-Shika-Cho!",
            "type": "cannon"
        },
        {
            "episode_number": 34,
            "title": "Akamaru Trembles: Gaara's Cruel Strength!",
            "type": "cannon"
        },
        {
            "episode_number": 35,
            "title": "The Scroll's Secret: No Peeking Allowed",
            "type": "cannon"
        },
        {
            "episode_number": 36,
            "title": "Clone vs. Clone: Mine are Better than Yours!",
            "type": "cannon"
        },
        {
            "episode_number": 37,
            "title": "Surviving the Cut! The Rookie Nine Together Again!",
            "type": "Mixed cannon/Filler"
        },
        {
            "episode_number": 38,
            "title": "Narrowing the Field: Sudden Death Elimination!",
            "type": "Mixed cannon/Filler"
        },
        {
            "episode_number": 39,
            "title": "Bushy Brow's Jealousy: Lions Barrage Unleashed!",
            "type": "Mixed cannon/Filler"
        },
        {
            "episode_number": 40,
            "title": "Kakashi and Orochimaru: Face-to-Face!",
            "type": "Mixed cannon/Filler"
        },
        {
            "episode_number": 41,
            "title": "Kunoichi Rumble: The Rivals Get Serious!",
            "type": "Mixed cannon/Filler"
        },
        {
            "episode_number": 42,
            "title": "The Ultimate Battle: Cha!",
            "type": "cannon"
        },
        {
            "episode_number": 43,
            "title": "Killer Kunoichi and a Shaky Shikamaru",
            "type": "Mixed cannon/Filler"
        },
        {
            "episode_number": 44,
            "title": "Akamaru Unleashed! Who's Top Dog Now?",
            "type": "Mixed canon/Filler"
        },
        {
            "episode_number": 45,
            "title": "Surprise Attack! Naruto's Secret Weapon!",
            "type": "Mixed canon/Filler"
        },
        {
            "episode_number": 46,
            "title": "Byakugan Battle: Hinata Grows Bold!",
            "type": "Mixed canon/Filler"
        },
        {
            "episode_number": 47,
            "title": "A Failure Stands Tall!",
            "type": "Mixed canon/Filler"
        },
        {
            "episode_number": 48,
            "title": "Gaara vs. Rock Lee: The Power of Youth Explodes!",
            "type": "canon"
        },
        {
            "episode_number": 49,
            "title": "Lee's Hidden Strength: Forbidden Secret Jutsu!",
            "type": "Mixed canon/Filler"
        },
        {
            "episode_number": 50,
            "title": "The Fifth Gate: A Splendid Ninja is Born",
            "type": "canon"
        },
        {
            "episode_number": 51,
            "title": "A Shadow in Darkness: Danger Approaches Sasuke",
            "type": "canon"
        },
        {
            "episode_number": 52,
            "title": "Ebisu Returns: Naruto's Toughest Training Yet!",
            "type": "Mixed canon/Filler"
        },
        {
            "episode_number": 53,
            "title": "Long Time No See: Jiraiya Returns!",
            "type": "Mixed canon/Filler"
        },
        {
            "episode_number": 54,
            "title": "The Summoning Jutsu: Wisdom of the Toad Sage!",
            "type": "Mixed canon/Filler"
        },
        {
            "episode_number": 55,
            "title": "A Feeling of Yearning, A Flower Full of Hope",
            "type": "Mixed canon/Filler"
        },
        {
            "episode_number": 56,
            "title": "Live or Die: Risk it All to Win it All!",
            "type": "Mixed canon/Filler"
        },
        {
            "episode_number": 57,
            "title": "Live or Die: Risk it All to Win it All!",
            "type": "Mixed canon/Filler"
        },
        {
            "episode_number": 58,
            "title": "Live or Die: Risk it All to Win it All!",
            "type": "Mixed canon/Filler"
        },
        {
            "episode_number": 59,
            "title": "Live or Die: Risk it All to Win it All!",
            "type": "Mixed canon/Filler"
        },
        {
            "episode_number": 60,
            "title": "Live or Die: Risk it All to Win it All!",
            "type": "Mixed canon/Filler"
        },
        {
            "episode_number": 61,
            "title": "Live or Die: Risk it All to Win it All!",
            "type": "Mixed canon/Filler"
        },
        {
            "episode_number": 62,
            "title": "Live or Die: Risk it All to Win it All!",
            "type": "Mixed canon/Filler"
        },
        {
            "episode_number": 63,
            "title": "Hit it or Quit it: The Final Rounds Get Complicated!",
            "type": "Mixed canon/Filler"
        },
        {
            "episode_number": 64,
            "title": "Zero Motivation: The Guy with Cloud Envy!",
            "type": "canon"
        },
        {
            "episode_number": 65,
            "title": "Dancing Leaf, Squirming Sand",
            "type": "canon"
        },
        {
            "episode_number": 66,
            "title": "Bushy Brow's Jutsu: Sasuke Style!",
            "type": "Mixed canon/Filler"
        },
        {
            "episode_number": 67,
            "title": "Late for the Show, But Ready to Go! The Ultimate Secret Technique is Born!",
            "type": "canon"
        },
        {
            "episode_number": 68,
            "title": "Zero Hour! The Destruction of the Hidden Leaf Village Begins!",
            "type": "canon"
        },
        {
            "episode_number": 69,
            "title": "Village in Distress: A New A-Ranked Mission!",
            "type": "Mixed canon/Filler"
        },
        {
            "episode_number": 70,
            "title": "A Shirker's Call to Action: A Layabout No More!",
            "type": "Mixed canon/Filler"
        },
        {
            "episode_number": 71,
            "title": "An Unrivaled Match: Hokage Battle Royale!",
            "type": "Mixed canon/Filler"
        },
        {
            "episode_number": 72,
            "title": "A Mistake from the Past: A Face Revealed!",
            "type": "Mixed canon/Filler"
        },
        {
            "episode_number": 73,
            "title": "Forbidden Secret Technique: Reaper Death Seal!",
            "type": "canon"
        },
        {
            "episode_number": 74,
            "title": "Astonishing Truth! Gaara's Identity Emerges!",
            "type": "Mixed canon/Filler"
        },
        {
            "episode_number": 75,
            "title": "Sasuke's Decision: Pushed to the Edge!",
            "type": "canon"
        },
        {
            "episode_number": 76,
            "title": "Assassin of the Moonlit Night",
            "type": "canon"
        },
        {
            "episode_number": 77,
            "title": "Light vs. Dark: The Two Faces of Gaara",
            "type": "canon"
        },
        {
            "episode_number": 78,
            "title": "Naruto's Ninja Handbook",
            "type": "canon"
        },
        {
            "episode_number": 79,
            "title": "Beyond the Limit of Darkness and Light",
            "type": "canon"
        },
        {
            "episode_number": 80,
            "title": "The Third Hokage, Forever...",
            "type": "canon"
        },
        {
            "episode_number": 81,
            "title": "Return of the Morning Mist",
            "type": "canon"
        },
        {
            "episode_number": 82,
            "title": "Eye to Eye: Sharingan vs. Sharingan!",
            "type": "canon"
        },
        {
            "episode_number": 83,
            "title": "Jiraiya: Naruto's Potential Disaster!",
            "type": "Mixed canon/Filler"
        },
        {
            "episode_number": 84,
            "title": "Roar, Chidori! Brother vs. Brother!",
            "type": "canon"
        },
        {
            "episode_number": 85,
            "title": "Hate Among the Uchihas: The Last of the Clan!",
            "type": "canon"
        },
        {
            "episode_number": 86,
            "title": "A New Training Begins: I Will Be Strong!",
            "type": "canon"
        },
        {
            "episode_number": 87,
            "title": "Keep on Training: Pop Goes the Water Balloon!",
            "type": "canon"
        },
        {
            "episode_number": 88,
            "title": "Focal Point: The Mark of the Leaf",
            "type": "canon"
        },
        {
            "episode_number": 89,
            "title": "An Impossible Choice: The Pain Within Tsunade's Heart",
            "type": "canon"
        },
        {
            "episode_number": 90,
            "title": "Unforgivable! A Total Lack of Respect!",
            "type": "canon"
        },
        {
            "episode_number": 91,
            "title": "Inheritence! The Necklace of Death!",
            "type": "canon"
        },
        {
            "episode_number": 92,
            "title": "A Dubious Offer! Tsunade's Choice!",
            "type": "canon"
        },
        {
            "episode_number": 93,
            "title": "Breakdown! The Deal is Off!",
            "type": "canon"
        },
        {
            "episode_number": 94,
            "title": "Attack! Fury of the Rasengan!",
            "type": "canon"
        },
        {
            "episode_number": 95,
            "title": "The Fifth Hokage! A Life on the Line!",
            "type": "canon"
        },
        {
            "episode_number": 96,
            "title": "Deadlock! Sannin Showdown!",
            "type": "canon"
        },
        {
            "episode_number": 97,
            "title": "Kidnapped! Naruto's Hot Spring Adventure!",
            "type": "filler"
        },
        {
            "episode_number": 98,
            "title": "Tsunade's Warning: Ninja No More!",
            "type": "Mixed canon/Filler"
        },
        {
            "episode_number": 99,
            "title": "The Will of Fire Still Burns!",
            "type": "Mixed canon/Filler"
        },
        {
            "episode_number": 100,
            "title": "Sensei and Student: The Bond of the Shinobi",
            "type": "Mixed canon/Filler"
        },
        {
            "episode_number": 101,
            "title": "Gotta See! Gotta Know! Kakashi-Sensei's True Face!",
            "type": "filler"
        },
        {
            "episode_number": 102,
            "title": "Mission: Help an Old Friend in the Land of Tea",
            "type": "filler"
        },
        {
            "episode_number": 103,
            "title": "The Race is on! Trouble on the High Seas!",
            "type": "filler"
        },
        {
            "episode_number": 104,
            "title": "Run Idate Run! Nagi Island Awaits!",
            "type": "filler"
        },
        {
            "episode_number": 105,
            "title": "A Fierce Battle of Rolling Thunder!",
            "type": "filler"
        },
        {
            "episode_number": 106,
            "title": "The Last Leg: A Final Act of Desperation",
            "type": "Mixed canon/Filler"
        },
        {
            "episode_number": 107,
            "title": "The Battle Begins: Naruto vs. Sasuke",
            "type": "canon"
        },
        {
            "episode_number": 108,
            "title": "Bitter Rivals and Broken Bonds",
            "type": "canon"
        },
        {
            "episode_number": 109,
            "title": "An Invitation from the Sound",
            "type": "canon"
        },
        {
            "episode_number": 110,
            "title": "Formation! The Sasuke Retrieval Squad",
            "type": "canon"
        },
        {
            "episode_number": 111,
            "title": "Sound vs. Leaf",
            "type": "canon"
        },
        {
            "episode_number": 112,
            "title": "Squad Mutiny: Everything Falls Apart!",
            "type": "Mixed canon/Filler"
        },
        {
            "episode_number": 113,
            "title": "Full Throttle Power! Choji, Ablaze!",
            "type": "Mixed canon/Filler"
        },
        {
            "episode_number": 114,
            "title": "Good-bye Old Friend...! I'll Always Believe in You!",
            "type": "Mixed canon/Filler"
        },
        {
            "episode_number": 115,
            "title": "Your Opponent Is Me!",
            "type": "canon"
        },
        {
            "episode_number": 116,
            "title": "360 Degrees of Vision: The Byakugan's Blind Spot",
            "type": "canon"
        },
        {
            "episode_number": 117,
            "title": "Losing is Not an Option!",
            "type": "canon"
        },
        {
            "episode_number": 118,
            "title": "The Vessel Arrives Too Late",
            "type": "canon"
        },
        {
            "episode_number": 119,
            "title": "Miscalculation: A New Enemy Appears!",
            "type": "canon"
        },
        {
            "episode_number": 120,
            "title": "Roar and Howl! The Ultimate Tag Team",
            "type": "canon"
        },
        {
            "episode_number": 121,
            "title": "To Each His Own Battle",
            "type": "canon"
        },
        {
            "episode_number": 122,
            "title": "Fakeout: Shikamaru's Comeback!",
            "type": "canon"
        },
        {
            "episode_number": 123,
            "title": "The Leaf's Handsome Devil!",
            "type": "canon"
        },
        {
            "episode_number": 124,
            "title": "The Beast Within",
            "type": "canon"
        },
        {
            "episode_number": 125,
            "title": "The Sand Shinobi: Allies of the Leaf",
            "type": "canon"
        },
        {
            "episode_number": 126,
            "title": "Showdown: Gaara vs. Kimimaro!",
            "type": "Mixed cannon/Filler"
        },
        {
            "episode_number": 127,
            "title": "Vengeful Strike! The Bracken Dance",
            "type": "Mixed cannon/Filler"
        },
        {
            "episode_number": 128,
            "title": "A Cry on Deaf Ears",
            "type": "canon"
        },
        {
            "episode_number": 129,
            "title": "Brothers: Distance Among the Uchiha",
            "type": "canon"
        },
        {
            "episode_number": 130,
            "title": "Father and Son, the Broken Crest",
            "type": "Mixed cannon/Filler"
        },
        {
            "episode_number": 131,
            "title": "The Secrets of the Mangekyo Sharingan!",
            "type": "Mixed cannon/Filler"
        },
        {
            "episode_number": 132,
            "title": "For a Friend",
            "type": "canon"
        },
        {
            "episode_number": 133,
            "title": "A Plea From a Friend",
            "type": "canon"
        },
        {
            "episode_number": 134,
            "title": "The End of Tears",
            "type": "canon"
        },
        {
            "episode_number": 135,
            "title": "The Promise That Could Not Be Kept",
            "type": "canon"
        },
        {
            "episode_number": 136,
            "title": "Deep Cover!? A Super S-Ranked Mission!",
            "type": "filler"
        },
        {
            "episode_number": 137,
            "title": "A Town of Outlaws, the Shadow of the Fuma Clan",
            "type": "filler"
        },
        {
            "episode_number": 138,
            "title": "Pure Betrayal, and a Fleeting Plea!",
            "type": "filler"
        },
        {
            "episode_number": 139,
            "title": "Pure Terror! The House of Orochimaru",
            "type": "filler"
        },
        {
            "episode_number": 140,
            "title": "Two Heartbeats: Kabuto's Trap",
            "type": "filler"
        },
        {
            "episode_number": 141,
            "title": "Sakura's Determination",
            "type": "Mixed canon/Filler"
        },
        {
            "episode_number": 142,
            "title": "The Three Villains from the Maximum Security Prison",
            "type": "Mixed canon/Filler"
        },
        {
            "episode_number": 143,
            "title": "Tonton! I'm Counting on You!",
            "type": "filler"
        },
        {
            "episode_number": 144,
            "title": "A New Squad! Two People and a Dog?!",
            "type": "filler"
        },
        {
            "episode_number": 145,
            "title": "A New Formation: Ino-Shika-Cho!",
            "type": "filler"
        },
        {
            "episode_number": 146,
            "title": "Orochimaru's Shadow",
            "type": "filler"
        },
        {
            "episode_number": 147,
            "title": "A Clash of Fate: You Can't Bring Me Down",
            "type": "filler"
        },
        {
            "episode_number": 148,
            "title": "Search for the Rare Bikochu Beetle",
            "type": "filler"
        },
        {
            "episode_number": 149,
            "title": "What's the Difference? Don't All Insects Look Alike?",
            "type": "filler"
        },
        {
            "episode_number": 150,
            "title": "A Battle of Bugs: The Deceivers and the Deceived",
            "type": "filler"
        },
        {
            "episode_number": 151,
            "title": "Blaze Away Byakugan: This Is My Ninja Way",
            "type": "filler"
        },
        {
            "episode_number": 152,
            "title": "Funeral March for the Living",
            "type": "filler"
        },
        {
            "episode_number": 153,
            "title": "A Lesson Learned: The Iron Fist of Love",
            "type": "filler"
        },
        {
            "episode_number": 154,
            "title": "The Enemy of the Byakugan",
            "type": "filler"
        },
        {
            "episode_number": 155,
            "title": "The Dark Creeping Clouds",
            "type": "filler"
        },
        {
            "episode_number": 156,
            "title": "Raiga's Counterattack",
            "type": "filler"
        },
        {
            "episode_number": 157,
            "title": "Run! The Curry of Life",
            "type": "filler"
        },
        {
            "episode_number": 158,
            "title": "Follow My Lead! The Great Survival Challenge",
            "type": "filler"
        },
        {
            "episode_number": 159,
            "title": "Bounty Hunter from the Wilderness",
            "type": "filler"
        },
        {
            "episode_number": 160,
            "title": "Hunt or Be Hunted?! Showdown at the O.K. Temple!",
            "type": "filler"
        },
        {
            "episode_number": 161,
            "title": "The Appearance of Strange Visitors",
            "type": "filler"
        },
        {
            "episode_number": 162,
            "title": "The Cursed Warrior",
            "type": "filler"
        },
        {
            "episode_number": 163,
            "title": "The Tactician's Intent",
            "type": "filler"
        },
        {
            "episode_number": 164,
            "title": "Too Late for Help",
            "type": "filler"
        },
        {
            "episode_number": 165,
            "title": "The Death of Naruto",
            "type": "filler"
        },
        {
            "episode_number": 166,
            "title": "When Time Stands Still",
            "type": "filler"
        },
        {
            "episode_number": 167,
            "title": "When Egrets Flap Their Wings",
            "type": "filler"
        },
        {
            "episode_number": 168,
            "title": "Mix It, Stretch It, Boil It Up! Burn, Copper Pot, Burn!",
            "type": "filler"
        },
        {
            "episode_number": 169,
            "title": "Remembrance: The Lost Page",
            "type": "filler"
        },
        {
            "episode_number": 170,
            "title": "The Closed Door",
            "type": "filler"
        },
        {
            "episode_number": 171,
            "title": "Infiltration: The Set-Up!",
            "type": "filler"
        },
        {
            "episode_number": 172,
            "title": "Despair: A Fractured Heart",
            "type": "filler"
        },
        {
            "episode_number": 173,
            "title": "The Battle at Sea: The Power Unleashed!",
            "type": "filler"
        },
        {
            "episode_number": 174,
            "title": "Impossible! Celebrity Ninja Art - Money Style Jutsu!",
            "type": "filler"
        },
        {
            "episode_number": 175,
            "title": "The Treasure Hunt is On!",
            "type": "filler"
        },
        {
            "episode_number": 176,
            "title": "Run, Dodge, Zigzag! Chase or Be Chased!",
            "type": "filler"
        },
        {
            "episode_number": 177,
            "title": "Please, Mr. Postman!",
            "type": "filler"
        },
        {
            "episode_number": 178,
            "title": "Encounter! The Boy with a Star's Name",
            "type": "filler"
        },
        {
            "episode_number": 179,
            "title": "The Remembered Lullaby",
            "type": "filler"
        },
        {
            "episode_number": 180,
            "title": "Hidden Jutsu: The Price of The Ninja Art: Kujaku",
            "type": "filler"
        },
        {
            "episode_number": 181,
            "title": "Hoshikage, The Buried Truth",
            "type": "filler"
        },
        {
            "episode_number": 182,
            "title": "Reunion, The Remaining time",
            "type": "filler"
        },
        {
            "episode_number": 183,
            "title": "The Star's Radiance",
            "type": "filler"
        },
        {
            "episode_number": 184,
            "title": "Kiba's Long Day!",
            "type": "filler"
        },
        {
            "episode_number": 185,
            "title": "A Legend from the Hidden Leaf: The Onbaa!s",
            "type": "filler"
        },
        {
            "episode_number": 186,
            "title": "Laughing Shino",
            "type": "filler"
        },
        {
            "episode_number": 187,
            "title": "Open for Business! The Leaf Moving Service",
            "type": "filler"
        },
        {
            "episode_number": 188,
            "title": "Mystery of the Targeted Merchants",
            "type": "filler"
        },
        {
            "episode_number": 189,
            "title": "A Limitless Supply of Ninja Tools",
            "type": "filler"
        },
        {
            "episode_number": 190,
            "title": "The Byakugan Sees the Blind Spot",
            "type": "filler"
        },
        {
            "episode_number": 191,
            "title": "Forecast: Death! Cloudy with Chance of Sun",
            "type": "filler"
        },
        {
            "episode_number": 192,
            "title": "Ino Screams! Chubby Paradise!",
            "type": "filler"
        },
        {
            "episode_number": 193,
            "title": "Viva Dojo Challenge! Youth Is All About Passion",
            "type": "filler"
        },
        {
            "episode_number": 194,
            "title": "The Mysterious Curse of the Haunted Castle",
            "type": "filler"
        },
        {
            "episode_number": 195,
            "title": "The Third Super-Beast!",
            "type": "filler"
        },
        {
            "episode_number": 196,
            "title": "Hot-Blooded Confrontation: Student vs. Sensei",
            "type": "filler"
        },
        {
            "episode_number": 197,
            "title": "Crisis! The Hidden Leaf 11 Gather!",
            "type": "filler"
        },
        {
            "episode_number": 198,
            "title": "The ANBU Gives Up? Naruto's Recollection",
            "type": "filler"
        },
        {
            "episode_number": 199,
            "title": "The Missed Target",
            "type": "filler"
        },
        {
            "episode_number": 200,
            "title": "The Powerful Helper",
            "type": "filler"
        },
        {
            "episode_number": 201,
            "title": "Multiple Traps! Countdown to Destruction",
            "type": "filler"
        },
        {
            "episode_number": 202,
            "title": "The Top 5 Ninja Battles",
            "type": "filler"
        },
        {
            "episode_number": 203,
            "title": "Kurenai's Decision, Squad 8 Left Behind",
            "type": "filler"
        },
        {
            "episode_number": 204,
            "title": "Yakumo's Sealed Ability",
            "type": "filler"
        },
        {
            "episode_number": 205,
            "title": "Kurenai's Top-Secret Mission: The Promise With the Third Hokage",
            "type": "filler"
        },
        {
            "episode_number": 206,
            "title": "Genjutsu or Reality?",
            "type": "filler"
        },
        {
            "episode_number": 207,
            "title": "The Supposed Sealed Ability",
            "type": "filler"
        },
        {
            "episode_number": 208,
            "title": "The Weight of the Prized Artifact!",
            "type": "filler"
        },
        {
            "episode_number": 209,
            "title": "The Enemy: Ninja Dropouts",
            "type": "filler"
        },
        {
            "episode_number": 210,
            "title": "The Bewildering Forest",
            "type": "filler"
        },
        {
            "episode_number": 211,
            "title": "Memory of Flames",
            "type": "filler"
        },
        {
            "episode_number": 212,
            "title": "To Each His Own Path",
            "type": "filler"
        },
        {
            "episode_number": 213,
            "title": "Vanished Memories",
            "type": "filler"
        },
        {
            "episode_number": 214,
            "title": "Bringing Back Reality",
            "type": "filler"
        },
        {
            "episode_number": 215,
            "title": "A Past to Be Erased",
            "type": "filler"
        },
        {
            "episode_number": 216,
            "title": "The Targeted Shukaku",
            "type": "filler"
        },
        {
            "episode_number": 217,
            "title": "Sand Alliance with the Leaf Shinobi",
            "type": "filler"
        },
        {
            "episode_number": 218,
            "title": "The Counterattack!",
            "type": "filler"
        },
        {
            "episode_number": 219,
            "title": "The Ultimate Weapon Reborn",
            "type": "filler"
        },
        {
            "episode_number": 220,
            "title": "Departure",
            "type": "Mixed cannon/Fillerss"
        }

        






    ]
}