{
    "anime_id": 10,
    "anime_name": "Silver Spoon",
    "genres": "Drama",
    "total_episodes": 22,
    "episodes": [
        {
            "episode_number": 1,
            "title": "Welcome to Ezonoo",
            "type": "cannon"
        },
        {
            "episode_number": 2,
            "title": "Hachiken Rides a Horse",
            "type": "cannon"
        },
        {
            "episode_number": 3,
            "title": "Hachiken Meets Pork Bowl",
            "type": "cannon"
        },
        {
            "episode_number": 4,
            "title": "Hachiken Bakes Pizza",
            "type": "cannon"
        },
        {
            "episode_number": 5,
            "title": "Hachiken Runs Off",
            "type": "Mixed cannon/Filler"
        },
        {
            "episode_number": 6,
            "title": "Hachiken Goes to Stay with the Mikages",
            "type": "cannon"
        },
        {
            "episode_number": 7,
            "title": "Hachiken Goes to Giga Farm",
            "type": "cannon"
        },
        {
            "episode_number": 8,
            "title": "Hachiken Makes a Huge Mistake",
            "type": "cannon"
        },
        {
            "episode_number": 9,
            "title": "Hachiken Hesitates Over Pork Bowl",
            "type": "cannon"
        },
        {
            "episode_number": 10,
            "title": "Hachiken Says Goodbye to Pork Bowl",
            "type": "cannon"
        },
        {
            "episode_number": 11,
            "title": "Take Off Running, Hachiken",
            "type": "cannon"
        },
        {
            "episode_number": 12,
            "title": "Hachiken Becomes the Club Vice President",
            "type": "cannon"
        },
        {
            "episode_number": 13,
            "title": "Hachiken Adopts Vice Prez Hachiken",
            "type": "cannon"
        },
        {
            "episode_number": 14,
            "title": "Hachiken Jumps High",
            "type": "cannon"
        },
        {
            "episode_number": 15,
            "title": "Minamikujou Appears",
            "type": "cannon"
        },
        {
            "episode_number": 16,
            "title": "Hachiken Has His Hands Full",
            "type": "cannon"
        },
        {
            "episode_number": 17,
            "title": "Mikage Gives It Her All",
            "type": "cannon"
        },
        {
            "episode_number": 18,
            "title": "Komaba Stands on the Pitcher's Mound",
            "type": "cannon"
        },
        {
            "episode_number": 19,
            "title": "Hachiken Howls",
            "type": "cannon"
        },
        {
            "episode_number": 20,
            "title": "The Last Milk",
            "type": "cannon"
        },
        {
            "episode_number": 21,
            "title": "Dream",
            "type": "cannon"
        },
        {
            "episode_number": 22,
            "title": "Over and Over Again",
            "type": "cannon"
        }
    ]
}