{
    "anime_id": 22,
    "anime_name": "Solo Leveling",
    "total_episodes": 20,
    "genres": "Adventure",
    "episodes": [
        {
            "episode_number": 1,
            "title": "I'm Used to It",
            "type": "cannon"
    },
    {
            "episode_number": 2,
            "title": "If I Had One More Chance",
            "type": "cannon"
    },
    {
            "episode_number": 3,
            "title": "It's Like a Game",
            "type": "cannon"
    },
    {
            "episode_number": 4,
            "title": "I've Gotta Get Stronger",
            "type": "cannon"
    },
    {
            "episode_number": 5,
            "title": "A Pretty Good Deal",
            "type": "cannon"
    },
    {
            "episode_number": 6,
            "title": "The Real Hunt Begins",
            "type": "cannon"
    },
    {
            "episode_number": 7,
            "title": "Let's See How Far I Can Go",
            "type": "cannon"
    },
    {
            "episode_number": 8,
            "title": "This Is Frustrating",
            "type": "cannon"
    },
    {
            "episode_number": 9,
            "title": "You've Been Hiding Your Skills",
            "type": "cannon"
    },
    {
            "episode_number": 10,
            "title": "What Is This, a Picnic?",
            "type": "cannon"
    },
    {
            "episode_number": 11,
            "title": "A Knight Who Defends an Empty Throne",
            "type": "cannon"
    },
    {
            "episode_number": 12,
            "title": "Arise",
            "type": "cannon"
    },
    {
        "episode_number": 13,
        "title": "You aren't E-rank, are You?",
        "type": "cannon"
    },
    {
        "episode_number": 14,
        "title": "I Suppose You Aren't Aware",
        "type": "cannon"
    },
    {
        "episode_number": 15,
        "title": "Still a Long Way to Go",
        "type": "cannon"
    },
    {
        "episode_number": 16,
        "title": "I Need to Stop Faking",
        "type": "cannon"
    },
    {
        "episode_number": 17,
        "title": "This is What We're Trained to Do",
        "type": "cannon"
    },
    {
        "episode_number": 18,
        "title": "Don't Look Down on My Guys",
        "type": "cannon"
    },
    {
        "episode_number": 19,
        "title": "The 10th S-Rank Hunter",
        "type": "cannon"
    },
    {
        "episode_number": 20,
        "title": "Looking Up Was Tiring Me Out",
        "type": "cannon"
    }

    ]
}