{
    "anime_id": 6,
    "anime_name": "Your Lie in April",
    "total_episodes": 22,
    "genres": "Drama",
    "episodes": [
        {
            "episode_number": 1,
            "title": "Monotone/Colorful",
            "type": "Mixed cannon/Filler"
        },
        {
            "episode_number": 2,
            "title": "Friend A",
            "type": "Mixed cannon/Filler"
        },
        {
            "episode_number": 3,
            "title": "Inside Spring",
            "type": "cannon"
        },
        {
            "episode_number": 4,
            "title": "The Journey",
            "type": "cannon"
        },
        {
            "episode_number": 5,
            "title": "Gray Skies",
            "type": "cannon"
        },
        {
            "episode_number": 6,
            "title": "On the Way Home",
            "type": "cannon"
        },
        {
            "episode_number": 7,
            "title": "The Shadows Whisper",
            "type": "cannon"
        },
        {
            "episode_number": 8,
            "title": "Let it Ring",
            "type": "cannon"
        },
        {
            "episode_number": 9,
            "title": "Resonance",
            "type": "cannon"
        },
        {
            "episode_number": 10,
            "title": "The Scenery I Shared With You",
            "type": "cannon"
        },
        {
            "episode_number": 11,
            "title": "Light of Life",
            "type": "cannon"
        },
        {
            "episode_number": 12,
            "title": "Twinkle Little Star",
            "type": "Mixed cannon/Filler"
        },
        {
            "episode_number": 13,
            "title": "Love's Sorrow",
            "type": "cannon"
        },
        {
            "episode_number": 14,
            "title": "Footsteps",
            "type": "cannon"
        },
        {
            "episode_number": 15,
            "title": "Liar",
            "type": "cannon"
        },
        {
            "episode_number": 16,
            "title": "Two of a Kind",
            "type": "cannon"
        },
        {
            "episode_number": 17,
            "title": "Twilight",
            "type": "cannon"
        },
        {
            "episode_number": 18,
            "title": "Hearts Come Together",
            "type": "cannon"
        },
        {
            "episode_number": 19,
            "title": "Goodbye Hero",
            "type": "cannon"
        },
        {
            "episode_number": 20,
            "title": "Hand in Hand",
            "type": "cannon"
        },
        {
            "episode_number": 21,
            "title": "Snow",
            "type": "cannon"
        },
        {
            "episode_number": 22,
            "title": "Spring Breeze",
            "type": "Mixed cannon/Filler"
        }
    ]
}